Retailer,License Number,Order #,Order Date,Fulfillment Status,Brand,Product,Units,Unit Price,Net Sales,Payment Terms,Sales Rep,Market
The THC Shop Brooklyn,OCM-RETL-24-000006,931314,2026-06-15,Delivered,Dragonfly,Dragonfly | 1g Preroll (50ct) | Blue Nerds,100,3.50,350.00,Net 30,M. Okafor,New York
The THC Shop Brooklyn,OCM-RETL-24-000006,931314,2026-06-15,Delivered,Dragonfly,Dragonfly | 1g Vape Cart (50ct) | Unicorn Piss,50,12.50,625.00,Net 30,S. Lindqvist,New York
The THC Shop Brooklyn,OCM-RETL-24-000006,931314,2026-06-15,Delivered,Dragonfly,Dragonfly | 1.25g Infused Preroll | Melon Gum,50,5.00,250.00,Net 30,J. Brady,New York
The THC Shop Brooklyn,OCM-RETL-24-000006,931314,2026-06-15,Delivered,Dragonfly,Dragonfly | Flower | 28g | Blue Dream,10,80.00,800.00,COD,M. Okafor,New York
The THC Shop Brooklyn,OCM-RETL-24-000006,931314,2026-06-15,Delivered,Dragonfly,Dragonfly | Infused Multipack 10pk (1.25g) | S'mores,20,40.00,800.00,Net 30,A. Torres,New York
The THC Shop Brooklyn,OCM-RETL-24-000006,931314,2026-06-15,Delivered,Dragonfly,Dragonfly | 1g Preroll (50ct) | Zlushi,100,3.50,350.00,Net 30,M. Okafor,New York
The THC Shop Brooklyn,OCM-RETL-24-000006,931314,2026-06-15,Delivered,Dragonfly,Dragonfly | 1g Preroll (50ct) | Tahiti Lime,150,3.50,525.00,Net 15,S. Lindqvist,New York
The THC Shop Brooklyn,OCM-RETL-24-000006,931314,2026-06-15,Delivered,Dragonfly,Dragonfly | Infused Multipack 10pk (1.25g) | Strawberry Kiwi,20,40.00,800.00,Net 30,A. Torres,New York
The THC Shop Brooklyn,OCM-RETL-24-000006,931314,2026-06-15,Delivered,Dragonfly,Dragonfly | 1.25g Infused Preroll | Blackberry Sherbet,50,5.00,250.00,Net 15,M. Okafor,New York
The THC Shop Brooklyn,OCM-RETL-24-000006,931314,2026-06-15,Delivered,Dragonfly,Dragonfly | 1g Preroll (50ct) | Berry White,100,3.50,350.00,Net 15,J. Brady,New York
The Goodie Bag,OCM-RETL-25-000394,931305,2026-06-15,Delivered,Dragonfly,Dragonfly | 1g Preroll (50ct) | Berry White,49,3.50,171.50,Net 30,M. Okafor,New York
The Goodie Bag,OCM-RETL-25-000394,931305,2026-06-15,Delivered,Dragonfly,Dragonfly | 1g Preroll (50ct) | Zlushi,49,3.50,171.50,Net 15,M. Okafor,New York
The Goodie Bag,OCM-RETL-25-000394,931305,2026-06-15,Delivered,Dragonfly,Dragonfly | 1g Preroll (50ct) | Tahiti Lime,49,3.50,171.50,Net 30,A. Torres,New York
The Goodie Bag,OCM-RETL-25-000394,931305,2026-06-15,Delivered,Dragonfly,Dragonfly | 1g All-In-One Vape | Forbidden Fruit,25,15.00,375.00,COD,J. Brady,New York
The Goodie Bag,OCM-RETL-25-000394,931305,2026-06-15,Delivered,Dragonfly,Dragonfly | 1g All-In-One Vape | Lychee Dream,50,15.00,750.00,Net 30,J. Brady,New York
The Goodie Bag,OCM-RETL-25-000394,931305,2026-06-15,Delivered,Dragonfly,Dragonfly | 1g Preroll (50ct) | Blue Nerds,49,3.50,171.50,Net 15,J. Brady,New York
The Goodie Bag,OCM-RETL-25-000394,931305,2026-06-15,Delivered,Dragonfly,Dragonfly Display Kit - AIO,1,0.01,0.01,COD,S. Lindqvist,New York
The Goodie Bag,OCM-RETL-25-000394,931305,2026-06-15,Delivered,Dragonfly,Dragonfly | 1g All-In-One Vape | Tahiti Breeze,25,15.00,375.00,Net 30,J. Brady,New York
Dansville Dispensary,OCM-RETL-25-000307,931301,2026-06-15,Delivered,Dragonfly,Dragonfly | 1g Preroll (50ct) | Blue Nerds,150,3.50,525.00,COD,M. Okafor,New York
Dansville Dispensary,OCM-RETL-25-000307,931301,2026-06-15,Delivered,Dragonfly,Dragonfly | 1g Preroll (50ct) | Sutter,100,3.50,350.00,COD,S. Lindqvist,New York
Dansville Dispensary,OCM-RETL-25-000307,931301,2026-06-15,Delivered,Dragonfly,Dragonfly | 1g Preroll (50ct) | Tahiti Lime,150,3.50,525.00,COD,S. Lindqvist,New York
Dansville Dispensary,OCM-RETL-25-000307,931301,2026-06-15,Delivered,Dragonfly,Dragonfly Display Kit - Preroll,1,0.01,0.01,Net 30,S. Lindqvist,New York
Dansville Dispensary,OCM-RETL-25-000307,931301,2026-06-15,Delivered,Dragonfly,Dragonfly | 1g Preroll (50ct) | Berry White,100,3.50,350.00,COD,M. Okafor,New York
Dansville Dispensary,OCM-RETL-25-000307,931301,2026-06-15,Delivered,Dragonfly,Dragonfly | 1g Preroll (50ct) | Zlushi,100,3.50,350.00,Net 15,J. Brady,New York
High Society Dispensary LLC,OCM-CAURD-24-000171,931283,2026-06-15,Delivered,Dragonfly,Dragonfly | 1g Preroll (50ct) | Sutter,100,3.50,350.00,Net 30,J. Brady,New York
High Society Dispensary LLC,OCM-CAURD-24-000171,931283,2026-06-15,Delivered,Dragonfly,Dragonfly | 1g Preroll (50ct) | Tahiti Lime,200,3.50,700.00,Net 30,A. Torres,New York
High Society Dispensary LLC,OCM-CAURD-24-000171,931283,2026-06-15,Delivered,Dragonfly,Dragonfly | Infused Multipack 10pk (1.25g) | Melon Gum,20,40.00,800.00,Net 30,S. Lindqvist,New York
High Society Dispensary LLC,OCM-CAURD-24-000171,931283,2026-06-15,Delivered,Dragonfly,Dragonfly | 1.25g Infused Preroll | Melon Gum,200,5.00,1000.00,Net 30,S. Lindqvist,New York
High Society Dispensary LLC,OCM-CAURD-24-000171,931283,2026-06-15,Delivered,Dragonfly,Dragonfly | Infused Multipack 10pk (1.25g) | S'mores,20,40.00,800.00,Net 15,S. Lindqvist,New York
High Society Dispensary LLC,OCM-CAURD-24-000171,931283,2026-06-15,Delivered,Dragonfly,Dragonfly | 1.25g Infused Preroll | Watermelon Skittlez,150,5.00,750.00,Net 15,A. Torres,New York
High Society Dispensary LLC,OCM-CAURD-24-000171,931283,2026-06-15,Delivered,Dragonfly,Dragonfly | 1g All-In-One Vape | Tahiti Breeze,50,15.00,750.00,Net 30,S. Lindqvist,New York
High Society Dispensary LLC,OCM-CAURD-24-000171,931283,2026-06-15,Delivered,Dragonfly,Dragonfly | 1g Preroll (50ct) | Zlushi,100,3.50,350.00,Net 30,M. Okafor,New York
High Society Dispensary LLC,OCM-CAURD-24-000171,931283,2026-06-15,Delivered,Dragonfly,Dragonfly | 1g Preroll (50ct) | Blue Nerds,200,3.50,700.00,Net 15,J. Brady,New York
High Society Dispensary LLC,OCM-CAURD-24-000171,931283,2026-06-15,Delivered,Dragonfly,Dragonfly | 100mg Gummy (25ct) | Pineapple,50,5.00,250.00,Net 15,S. Lindqvist,New York
High Society Dispensary LLC,OCM-CAURD-24-000171,931283,2026-06-15,Delivered,Dragonfly,Dragonfly | 100mg Gummy (25ct) | Strawberry,50,5.00,250.00,Net 30,J. Brady,New York
Toke Lane Buffalo,OCM-RETL-24-000132,931279,2026-06-15,Delivered,Dragonfly,Dragonfly | 1.25g Infused Preroll | Lychee Dream,50,5.00,250.00,Net 30,M. Okafor,New York
Toke Lane Buffalo,OCM-RETL-24-000132,931279,2026-06-15,Delivered,Dragonfly,Dragonfly | 1g Preroll (50ct) | Blue Nerds,100,3.50,350.00,Net 30,S. Lindqvist,New York
Toke Lane Buffalo,OCM-RETL-24-000132,931279,2026-06-15,Delivered,Dragonfly,Dragonfly | 1.25g Infused Preroll | Strawberry Cough,50,5.00,250.00,Net 30,A. Torres,New York
Toke Lane Buffalo,OCM-RETL-24-000132,931279,2026-06-15,Delivered,Dragonfly,Dragonfly | 1.25g Infused Preroll | Forbidden Fruit,50,5.00,250.00,Net 30,M. Okafor,New York
Toke Lane Buffalo,OCM-RETL-24-000132,931279,2026-06-15,Delivered,Dragonfly,Dragonfly | 1g Preroll (50ct) | Tahiti Lime,100,3.50,350.00,COD,S. Lindqvist,New York
Leafy Peaks,OCM-CAURD-24-000099,931266,2026-06-15,Delivered,Dragonfly,Dragonfly | 1g Preroll (50ct) | Zlushi,400,3.50,1400.00,Net 30,M. Okafor,New York
Leafy Peaks,OCM-CAURD-24-000099,931266,2026-06-15,Delivered,Dragonfly,Dragonfly | 1g Preroll (50ct) | Blue Nerds,400,3.50,1400.00,Net 30,J. Brady,New York
Leafy Peaks,OCM-CAURD-24-000099,931266,2026-06-15,Delivered,Dragonfly,Dragonfly | 1g All-In-One Vape | Strawberry Kiwi,25,15.00,375.00,Net 15,M. Okafor,New York
Leafy Peaks,OCM-CAURD-24-000099,931266,2026-06-15,Delivered,Dragonfly,Dragonfly | 2.5g Preroll Multipack (0.5g) | Blue Nerds,50,12.50,625.00,Net 30,A. Torres,New York
Leafy Peaks,OCM-CAURD-24-000099,931266,2026-06-15,Delivered,Dragonfly,Dragonfly | Infused Multipack 10pk (1.25g) | Sugar Cookie,20,40.00,800.00,Net 30,A. Torres,New York
Leafy Peaks,OCM-CAURD-24-000099,931266,2026-06-15,Delivered,Dragonfly,Dragonfly | Infused Multipack 10pk (1.25g) | Blue Razz,20,40.00,800.00,Net 30,M. Okafor,New York
Leafy Peaks,OCM-CAURD-24-000099,931266,2026-06-15,Delivered,Dragonfly,Dragonfly Display Kit - Backboard,1,0.01,0.01,Net 30,J. Brady,New York
Leafy Peaks,OCM-CAURD-24-000099,931266,2026-06-15,Delivered,Dragonfly,Dragonfly | 1g All-In-One Vape | Watermelon Skittlez,25,15.00,375.00,COD,A. Torres,New York
Leafy Peaks,OCM-CAURD-24-000099,931266,2026-06-15,Delivered,Dragonfly,Dragonfly | 1g Preroll (50ct) | Berry White,300,3.50,1050.00,Net 15,A. Torres,New York
Leafy Peaks,OCM-CAURD-24-000099,931266,2026-06-15,Delivered,Dragonfly,Dragonfly | 1g Preroll (50ct) | Tahiti Lime,500,3.50,1750.00,Net 30,M. Okafor,New York
Leafy Peaks,OCM-CAURD-24-000099,931266,2026-06-15,Delivered,Dragonfly,Dragonfly | 2.5g Preroll Multipack (0.5g) | Pandora's Box,50,12.50,625.00,Net 30,S. Lindqvist,New York
Leafy Peaks,OCM-CAURD-24-000099,931266,2026-06-15,Delivered,Dragonfly,Dragonfly | 1g All-In-One Vape | Banana Bash,25,15.00,375.00,Net 15,M. Okafor,New York
Leafy Peaks,OCM-CAURD-24-000099,931266,2026-06-15,Delivered,Dragonfly,Dragonfly | 1g All-In-One Vape | Electric Watermelon OG,25,15.00,375.00,Net 15,J. Brady,New York
Leafy Peaks,OCM-CAURD-24-000099,931266,2026-06-15,Delivered,Dragonfly,Dragonfly | Infused Multipack 10pk (1.25g) | S'mores,40,40.00,1600.00,COD,M. Okafor,New York
Leafy Peaks,OCM-CAURD-24-000099,931266,2026-06-15,Delivered,Dragonfly,Dragonfly | 1g All-In-One Vape | Tahiti Breeze,50,15.00,750.00,COD,A. Torres,New York
Leafy Peaks,OCM-CAURD-24-000099,931266,2026-06-15,Delivered,Dragonfly,Dragonfly | 1g Preroll (50ct) | Sutter,300,3.50,1050.00,Net 15,S. Lindqvist,New York
Leafy Peaks,OCM-CAURD-24-000099,931266,2026-06-15,Delivered,Dragonfly,Dragonfly | 14g Preroll Multipack | Pandora's Box,60,44.00,2640.00,Net 30,A. Torres,New York
Mills Cannabis,OCM-RETL-24-000110,931241,2026-06-15,Delivered,Dragonfly,Levitate | 100mg Live Resin Gummy (25ct) | Pineapple,100,7.50,750.00,COD,J. Brady,New York
Mills Cannabis,OCM-RETL-24-000110,931241,2026-06-15,Delivered,Dragonfly,Levitate | 100mg Live Resin Gummy (25ct) | Cherry,100,7.50,750.00,Net 15,J. Brady,New York
Mills Cannabis,OCM-RETL-24-000110,931241,2026-06-15,Delivered,Dragonfly,Levitate | 100mg Live Resin Gummy (25ct) | Watermelon,100,7.50,750.00,Net 30,M. Okafor,New York
Mills Cannabis,OCM-RETL-24-000110,931241,2026-06-15,Delivered,Dragonfly,Levitate | 100mg Live Resin Gummy (25ct) | Grape,100,7.50,750.00,Net 15,M. Okafor,New York
Mills Cannabis,OCM-RETL-24-000110,931241,2026-06-15,Delivered,Dragonfly,Levitate | 100mg Live Resin Gummy (25ct) | Sour Apple,100,7.50,750.00,Net 30,M. Okafor,New York
The Herb Cave,OCM-RETL-24-000208,931194,2026-06-14,Delivered,Dragonfly,Dragonfly | 1.25g Infused Preroll | Melon Gum,100,5.00,500.00,Net 30,J. Brady,New York
The Herb Cave,OCM-RETL-24-000208,931194,2026-06-14,Delivered,Dragonfly,Dragonfly | 1.25g Infused Preroll | Apple Tart,100,5.00,500.00,Net 30,A. Torres,New York
The Herb Cave,OCM-RETL-24-000208,931194,2026-06-14,Delivered,Dragonfly,Dragonfly | 100mg Gummy (25ct) | Strawberry,100,5.00,500.00,Net 30,M. Okafor,New York
The Herb Cave,OCM-RETL-24-000208,931194,2026-06-14,Delivered,Dragonfly,Dragonfly | 1.25g Infused Preroll | Lemon Cherry,100,5.00,500.00,COD,S. Lindqvist,New York
The Herb Cave,OCM-RETL-24-000208,931194,2026-06-14,Delivered,Dragonfly,Naka | 1g Vape Cart (50ct) | Blue Razz Vibe,50,5.00,250.00,Net 15,M. Okafor,New York
The Herb Cave,OCM-RETL-24-000208,931194,2026-06-14,Delivered,Dragonfly,Dragonfly | Infused Multipack 10pk (1.25g) | Melon Gum,20,40.00,800.00,Net 15,S. Lindqvist,New York
The Herb Cave,OCM-RETL-24-000208,931194,2026-06-14,Delivered,Dragonfly,Dragonfly | 1g All-In-One Vape | Electric Watermelon OG,50,15.00,750.00,Net 30,M. Okafor,New York
The Herb Cave,OCM-RETL-24-000208,931194,2026-06-14,Delivered,Dragonfly,Dragonfly | 100mg Gummy (25ct) | Pineapple,75,5.00,375.00,Net 30,A. Torres,New York
The Herb Cave,OCM-RETL-24-000208,931194,2026-06-14,Delivered,Dragonfly,Dragonfly | 1g All-In-One Vape | Mystery OG,50,15.00,750.00,Net 30,M. Okafor,New York
The Herb Cave,OCM-RETL-24-000208,931194,2026-06-14,Delivered,Dragonfly,Dragonfly | 100mg Gummy (25ct) | Blue Razz,100,5.00,500.00,COD,S. Lindqvist,New York
The Herb Cave,OCM-RETL-24-000208,931194,2026-06-14,Delivered,Dragonfly,Naka | 1g Vape Cart (50ct) | Watermelon Smash,100,5.00,500.00,Net 30,J. Brady,New York
The Herb Cave,OCM-RETL-24-000208,931194,2026-06-14,Delivered,Dragonfly,Dragonfly | 1.25g Infused Preroll | Blackberry Sherbet,100,5.00,500.00,Net 30,S. Lindqvist,New York
The Herb Cave,OCM-RETL-24-000208,931194,2026-06-14,Delivered,Dragonfly,Dragonfly | 1g All-In-One Vape | Strawberry Kiwi,50,15.00,750.00,Net 15,J. Brady,New York
The Herb Cave,OCM-RETL-24-000208,931194,2026-06-14,Delivered,Dragonfly,Dragonfly | 2.5g Preroll Multipack (0.5g) | Tahiti Lime,25,12.50,312.50,Net 15,A. Torres,New York
The Herb Cave,OCM-RETL-24-000208,931194,2026-06-14,Delivered,Dragonfly,Dragonfly | Infused Multipack 10pk (1.25g) | S'mores,20,40.00,800.00,Net 30,A. Torres,New York
The Herb Cave,OCM-RETL-24-000208,931194,2026-06-14,Delivered,Dragonfly,Dragonfly | 100mg Gummy (25ct) | Pineapple,25,5.00,125.00,COD,S. Lindqvist,New York
The Herb Cave,OCM-RETL-24-000208,931194,2026-06-14,Delivered,Dragonfly,Dragonfly | 100mg Gummy (25ct) | Grape,100,5.00,500.00,Net 30,M. Okafor,New York
The Herb Cave,OCM-RETL-24-000208,931194,2026-06-14,Delivered,Dragonfly,Dragonfly | 2.5g Preroll Multipack (0.5g) | Pandora's Box,25,12.50,312.50,Net 15,M. Okafor,New York
The Herb Cave,OCM-RETL-24-000208,931194,2026-06-14,Delivered,Dragonfly,Dragonfly | 100mg Gummy (25ct) | Green Apple,100,5.00,500.00,COD,S. Lindqvist,New York
The Herb Cave,OCM-RETL-24-000208,931194,2026-06-14,Delivered,Dragonfly,Dragonfly | 2.5g Preroll Multipack (0.5g) | Sutter,25,12.50,312.50,Net 15,M. Okafor,New York
The Herb Cave,OCM-RETL-24-000208,931194,2026-06-14,Delivered,Dragonfly,Dragonfly | 1.25g Infused Preroll | Passion Orange Guava,100,5.00,500.00,COD,S. Lindqvist,New York
The Herb Cave,OCM-RETL-24-000208,931194,2026-06-14,Delivered,Dragonfly,Dragonfly | Infused Multipack 10pk (1.25g) | Strawberry Kiwi,20,40.00,800.00,Net 30,J. Brady,New York
Transcend Wellness,OCM-CAURD-24-000133,931157,2026-06-13,Delivered,Dragonfly,Dragonfly | Flower | 28g | Blue Dream,10,80.00,800.00,Net 15,M. Okafor,New York
Transcend Wellness,OCM-CAURD-24-000133,931157,2026-06-13,Delivered,Dragonfly,Dragonfly | 1g Preroll (50ct) | Blue Nerds,50,3.50,175.00,COD,J. Brady,New York
Transcend Wellness,OCM-CAURD-24-000133,931157,2026-06-13,Delivered,Dragonfly,Popcorn | 14g | Cherry Gushers,10,50.00,500.00,Net 30,M. Okafor,New York
Transcend Wellness,OCM-CAURD-24-000133,931157,2026-06-13,Delivered,Dragonfly,Dragonfly | 1g Preroll (50ct) | Tahiti Lime,50,3.50,175.00,Net 30,A. Torres,New York
Transcend Wellness,OCM-CAURD-24-000133,931157,2026-06-13,Delivered,Dragonfly,Dragonfly | 2.5g Preroll Multipack (0.5g) | Berry White,25,12.50,312.50,Net 30,S. Lindqvist,New York
Transcend Wellness,OCM-CAURD-24-000133,931157,2026-06-13,Delivered,Dragonfly,Dragonfly | 2.5g Preroll Multipack (0.5g) | Sutter,25,12.50,312.50,Net 15,J. Brady,New York
Transcend Wellness,OCM-CAURD-24-000133,931157,2026-06-13,Delivered,Dragonfly,Dragonfly | 2.5g Preroll Multipack (0.5g) | Tahiti Lime,25,12.50,312.50,Net 30,A. Torres,New York
Transcend Wellness,OCM-CAURD-24-000133,931157,2026-06-13,Delivered,Dragonfly,Dragonfly | 1g All-In-One Vape | Strawberry Kiwi,25,15.00,375.00,Net 15,A. Torres,New York
Transcend Wellness,OCM-CAURD-24-000133,931157,2026-06-13,Delivered,Dragonfly,Dragonfly | Flower | 3.5g | Trop,50,12.00,600.00,Net 15,M. Okafor,New York
Transcend Wellness,OCM-CAURD-24-000133,931157,2026-06-13,Delivered,Dragonfly,Dragonfly | 2.5g Preroll Multipack (0.5g) | Blue Nerds,25,12.50,312.50,Net 15,A. Torres,New York
Transcend Wellness,OCM-CAURD-24-000133,931157,2026-06-13,Delivered,Dragonfly,Naka | 1g Vape Cart (50ct) | Blue Razz Vibe,200,5.00,1000.00,COD,S. Lindqvist,New York
Transcend Wellness,OCM-CAURD-24-000133,931157,2026-06-13,Delivered,Dragonfly,Dragonfly | Flower | 3.5g | Pandora's Box,25,12.00,300.00,Net 30,S. Lindqvist,New York
Transcend Wellness,OCM-CAURD-24-000133,931157,2026-06-13,Delivered,Dragonfly,Dragonfly | 1g Preroll (50ct) | Zlushi,50,3.50,175.00,Net 30,M. Okafor,New York
Transcend Wellness,OCM-CAURD-24-000133,931157,2026-06-13,Delivered,Dragonfly,Naka | 1g Vape Cart (50ct) | Watermelon Smash,500,5.00,2500.00,COD,A. Torres,New York
Transcend Wellness,OCM-CAURD-24-000133,931157,2026-06-13,Delivered,Dragonfly,Dragonfly | 1g All-In-One Vape | Tahiti Breeze,25,15.00,375.00,Net 30,S. Lindqvist,New York
Transcend Wellness,OCM-CAURD-24-000133,931157,2026-06-13,Delivered,Dragonfly,Dragonfly | 1g All-In-One Vape | Lychee Dream,25,15.00,375.00,Net 30,A. Torres,New York
Transcend Wellness,OCM-CAURD-24-000133,931157,2026-06-13,Delivered,Dragonfly,Dragonfly | Flower | 28g | Nappa,20,80.00,1600.00,Net 15,S. Lindqvist,New York
The Plug,OCM-CAURD-24-000210,931075,2026-06-12,Delivered,Dragonfly,Dragonfly Display Kit - Preroll,1,0.01,0.01,Net 15,J. Brady,New York
The Plug,OCM-CAURD-24-000210,931075,2026-06-12,Delivered,Dragonfly,Dragonfly | 1g Preroll (50ct) | Tahiti Lime,50,3.50,175.00,COD,J. Brady,New York
The Plug,OCM-CAURD-24-000210,931075,2026-06-12,Delivered,Dragonfly,Dragonfly | 1.25g Infused Preroll | Lychee Dream,50,5.00,250.00,Net 15,S. Lindqvist,New York
The Plug,OCM-CAURD-24-000210,931075,2026-06-12,Delivered,Dragonfly,Dragonfly | 14g Preroll Multipack | Pandora's Box,10,44.00,440.00,Net 30,J. Brady,New York
The Plug,OCM-CAURD-24-000210,931075,2026-06-12,Delivered,Dragonfly,Dragonfly | 1g Preroll (50ct) | Blue Nerds,50,3.50,175.00,Net 30,M. Okafor,New York
The Plug,OCM-CAURD-24-000210,931075,2026-06-12,Delivered,Dragonfly,Dragonfly | 1.25g Infused Preroll | Melon Gum,50,5.00,250.00,COD,S. Lindqvist,New York
The Plug,OCM-CAURD-24-000210,931075,2026-06-12,Delivered,Dragonfly,Dragonfly | 1g Preroll (50ct) | Zlushi,50,3.50,175.00,Net 30,S. Lindqvist,New York
The Plug,OCM-CAURD-24-000210,931075,2026-06-12,Delivered,Dragonfly,Dragonfly | 1.25g Infused Preroll | Apple Tart,50,5.00,250.00,Net 30,A. Torres,New York
The Plug,OCM-CAURD-24-000210,931075,2026-06-12,Delivered,Dragonfly,Dragonfly | 1g Preroll (50ct) | Sutter,50,3.50,175.00,COD,A. Torres,New York
The Plug,OCM-CAURD-24-000210,931075,2026-06-12,Delivered,Dragonfly,Dragonfly | 14g Preroll Multipack | Nascar,10,44.00,440.00,COD,J. Brady,New York
Ganja Palace Dispensary,OCM-RETL-24-000089,931056,2026-06-12,Delivered,Dragonfly,Dragonfly | 1.25g Infused Preroll | Lychee Dream,50,5.00,250.00,Net 15,J. Brady,New York
Ganja Palace Dispensary,OCM-RETL-24-000089,931056,2026-06-12,Delivered,Dragonfly,Naka | 1g Vape Cart (50ct) | Watermelon Smash,50,5.00,250.00,Net 30,S. Lindqvist,New York
Ganja Palace Dispensary,OCM-RETL-24-000089,931056,2026-06-12,Delivered,Dragonfly,Dragonfly | 1g Preroll (50ct) | Blue Nerds,49,3.50,171.50,Net 30,J. Brady,New York
Ganja Palace Dispensary,OCM-RETL-24-000089,931056,2026-06-12,Delivered,Dragonfly,Dragonfly | Infused Multipack 10pk (1.25g) | Pineapple Upside Down Cake,19,40.00,760.00,Net 30,J. Brady,New York
Ganja Palace Dispensary,OCM-RETL-24-000089,931056,2026-06-12,Delivered,Dragonfly,Dragonfly | Infused Multipack 10pk (1.25g) | Blackberry Sherbet,19,40.00,760.00,Net 30,J. Brady,New York
Ganja Palace Dispensary,OCM-RETL-24-000089,931056,2026-06-12,Delivered,Dragonfly,Dragonfly | Infused Multipack 10pk (1.25g) | Strawberry Kiwi,19,40.00,760.00,Net 15,M. Okafor,New York
Ganja Palace Dispensary,OCM-RETL-24-000089,931056,2026-06-12,Delivered,Dragonfly,Dragonfly | Infused Multipack 10pk (1.25g) | Apple Tart,19,40.00,760.00,Net 30,J. Brady,New York
Ganja Palace Dispensary,OCM-RETL-24-000089,931056,2026-06-12,Delivered,Dragonfly,Dragonfly | 1.25g Infused Preroll | Melon Gum,50,5.00,250.00,COD,S. Lindqvist,New York
Ganja Palace Dispensary,OCM-RETL-24-000089,931056,2026-06-12,Delivered,Dragonfly,Dragonfly | 1.25g Infused Preroll | Lemon Cherry,50,5.00,250.00,Net 30,A. Torres,New York
Ganja Palace Dispensary,OCM-RETL-24-000089,931056,2026-06-12,Delivered,Dragonfly,Naka | 1g Vape Cart (50ct) | Blue Razz Vibe,49,5.00,245.00,COD,A. Torres,New York
3rd Rock Cannabis,OCM-RETL-24-000209,931014,2026-06-12,Delivered,Dragonfly,Dragonfly | 1.25g Infused Preroll | Melon Gum,400,5.00,2000.00,Net 30,A. Torres,New York
King of Budz,OCM-CAURD-25-000289,930590,2026-06-09,Delivered,Dragonfly,Levitate | 100mg Live Resin Gummy (25ct) | Sour Apple,25,7.50,187.50,Net 15,J. Brady,New York
King of Budz,OCM-CAURD-25-000289,930590,2026-06-09,Delivered,Dragonfly,Levitate | 100mg Live Resin Gummy (25ct) | Cherry,25,7.50,187.50,Net 15,M. Okafor,New York
King of Budz,OCM-CAURD-25-000289,930589,2026-06-09,Delivered,Dragonfly,Dragonfly | 1.25g Infused Preroll | Melon Gum,50,5.00,250.00,Net 30,A. Torres,New York
King of Budz,OCM-CAURD-25-000289,930589,2026-06-09,Delivered,Dragonfly,Dragonfly | 1g All-In-One Vape | Banana Bash,75,15.00,1125.00,Net 15,J. Brady,New York
King of Budz,OCM-CAURD-25-000289,930589,2026-06-09,Delivered,Dragonfly,Dragonfly | 1g Preroll (50ct) | Berry White,100,3.50,350.00,COD,A. Torres,New York
King of Budz,OCM-CAURD-25-000289,930589,2026-06-09,Delivered,Dragonfly,Dragonfly | 1g All-In-One Vape | Lychee Dream,25,15.00,375.00,Net 30,S. Lindqvist,New York
King of Budz,OCM-CAURD-25-000289,930589,2026-06-09,Delivered,Dragonfly,Dragonfly | 1g Preroll (50ct) | Zlushi,100,3.50,350.00,Net 30,A. Torres,New York
King of Budz,OCM-CAURD-25-000289,930589,2026-06-09,Delivered,Dragonfly,Dragonfly | 1g Vape Cart (50ct) | Blackberry Kush,50,12.50,625.00,Net 30,M. Okafor,New York
King of Budz,OCM-CAURD-25-000289,930589,2026-06-09,Delivered,Dragonfly,Dragonfly | 1g Preroll (50ct) | Blue Nerds,100,3.50,350.00,Net 15,S. Lindqvist,New York
King of Budz,OCM-CAURD-25-000289,930589,2026-06-09,Delivered,Dragonfly,Dragonfly | 1g Preroll (50ct) | Tahiti Lime,100,3.50,350.00,Net 15,S. Lindqvist,New York
King of Budz,OCM-CAURD-25-000289,930589,2026-06-09,Delivered,Dragonfly,Dragonfly | 1g Vape Cart (50ct) | Unicorn Piss,50,12.50,625.00,COD,S. Lindqvist,New York
King of Budz,OCM-CAURD-25-000289,930589,2026-06-09,Delivered,Dragonfly,Dragonfly | 1g Vape Cart (50ct) | Forbidden Fruit,50,12.50,625.00,COD,A. Torres,New York
King of Budz,OCM-CAURD-25-000289,930589,2026-06-09,Delivered,Dragonfly,Dragonfly | 1.25g Infused Preroll | Strawberry Cough,50,5.00,250.00,Net 15,A. Torres,New York
King of Budz,OCM-CAURD-25-000289,930589,2026-06-09,Delivered,Dragonfly,Dragonfly | 1.25g Infused Preroll | Forbidden Fruit,50,5.00,250.00,Net 15,S. Lindqvist,New York
House of Strains,OCM-CAURD-24-000123,930585,2026-06-09,Delivered,Dragonfly,Dragonfly | 1g Preroll (50ct) | Berry White,99,3.50,346.50,Net 15,M. Okafor,New York
House of Strains,OCM-CAURD-24-000123,930585,2026-06-09,Delivered,Dragonfly,Dragonfly | 1g Vape Cart (50ct) | Forbidden Fruit,50,12.50,625.00,COD,M. Okafor,New York
House of Strains,OCM-CAURD-24-000123,930585,2026-06-09,Delivered,Dragonfly,Dragonfly | 1g Preroll (50ct) | Tahiti Lime,100,3.50,350.00,COD,J. Brady,New York
House of Strains,OCM-CAURD-24-000123,930585,2026-06-09,Delivered,Dragonfly,Dragonfly | 1g Vape Cart (50ct) | Unicorn Piss,50,12.50,625.00,Net 30,J. Brady,New York
House of Strains,OCM-CAURD-24-000123,930585,2026-06-09,Delivered,Dragonfly,Dragonfly | 1g Preroll (50ct) | Zlushi,100,3.50,350.00,Net 15,M. Okafor,New York
Liquid Monkey,OCM-RETL-25-000311,930461,2026-06-09,Delivered,Dragonfly,Dragonfly | 1.25g Infused Preroll | Melon Gum,50,5.00,250.00,Net 30,S. Lindqvist,New York
Liquid Monkey,OCM-RETL-25-000311,930461,2026-06-09,Delivered,Dragonfly,Dragonfly | 1.25g Infused Preroll | Sugar Cookie,50,5.00,250.00,Net 15,J. Brady,New York
Liquid Monkey,OCM-RETL-25-000311,930461,2026-06-09,Delivered,Dragonfly,Dragonfly | Infused Multipack 10pk (1.25g) | Pineapple Upside Down Cake,20,40.00,800.00,COD,A. Torres,New York
Liquid Monkey,OCM-RETL-25-000311,930461,2026-06-09,Delivered,Dragonfly,Dragonfly | 1.25g Infused Preroll | Strawberry Cream Cake,50,5.00,250.00,Net 15,A. Torres,New York
Liquid Monkey,OCM-RETL-25-000311,930461,2026-06-09,Delivered,Dragonfly,Dragonfly | 1.25g Infused Preroll | Apple Tart,50,5.00,250.00,Net 30,A. Torres,New York
Liquid Monkey,OCM-RETL-25-000311,930461,2026-06-09,Delivered,Dragonfly,Dragonfly | 1.25g Infused Preroll | Strawberry Cough,50,5.00,250.00,Net 30,A. Torres,New York
Union Chill,OCM-CAURD-25-000269,930460,2026-06-09,Delivered,Dragonfly,Dragonfly | 1.25g Infused Preroll | Strawberry Cough,50,5.00,250.00,Net 30,J. Brady,New York
Union Chill,OCM-CAURD-25-000269,930460,2026-06-09,Delivered,Dragonfly,Dragonfly | 1g Preroll (50ct) | Blue Nerds,100,3.50,350.00,Net 30,J. Brady,New York
Union Chill,OCM-CAURD-25-000269,930460,2026-06-09,Delivered,Dragonfly,Dragonfly | Infused Multipack 10pk (1.25g) | Blueberry Banana Waffles,20,40.00,800.00,Net 30,S. Lindqvist,New York
Union Chill,OCM-CAURD-25-000269,930460,2026-06-09,Delivered,Dragonfly,Dragonfly | 1.25g Infused Preroll | Blackberry Sherbet,50,5.00,250.00,Net 15,J. Brady,New York
Union Chill,OCM-CAURD-25-000269,930460,2026-06-09,Delivered,Dragonfly,Dragonfly | 1g Preroll (50ct) | Zlushi,100,3.50,350.00,COD,J. Brady,New York
Union Chill,OCM-CAURD-25-000269,930460,2026-06-09,Delivered,Dragonfly,Dragonfly | Infused Multipack 10pk (1.25g) | Melon Gum,20,40.00,800.00,Net 30,M. Okafor,New York
Union Chill,OCM-CAURD-25-000269,930460,2026-06-09,Delivered,Dragonfly,Dragonfly | 1g Preroll (50ct) | Berry White,100,3.50,350.00,Net 30,A. Torres,New York
Union Chill,OCM-CAURD-25-000269,930460,2026-06-09,Delivered,Dragonfly,Dragonfly | 2.5g Preroll Multipack (0.5g) | Blue Nerds,25,12.50,312.50,Net 15,J. Brady,New York
Union Chill,OCM-CAURD-25-000269,930460,2026-06-09,Delivered,Dragonfly,Dragonfly | 1.25g Infused Preroll | Melon Gum,50,5.00,250.00,Net 30,S. Lindqvist,New York
Union Chill,OCM-CAURD-25-000269,930460,2026-06-09,Delivered,Dragonfly,Dragonfly | 2.5g Preroll Multipack (0.5g) | Pandora's Box,25,12.50,312.50,Net 30,J. Brady,New York
Union Chill,OCM-CAURD-25-000269,930460,2026-06-09,Delivered,Dragonfly,Dragonfly | 1g All-In-One Vape | Banana Bash,25,15.00,375.00,Net 30,S. Lindqvist,New York
Union Chill,OCM-CAURD-25-000269,930460,2026-06-09,Delivered,Dragonfly,Dragonfly | 1g All-In-One Vape | Lychee Dream,25,15.00,375.00,Net 30,J. Brady,New York
Union Chill,OCM-CAURD-25-000269,930460,2026-06-09,Delivered,Dragonfly,Dragonfly | Infused Multipack 10pk (1.25g) | Blackberry Sherbet,20,40.00,800.00,Net 30,M. Okafor,New York
Union Chill,OCM-CAURD-25-000269,930460,2026-06-09,Delivered,Dragonfly,Dragonfly | 2.5g Preroll Multipack (0.5g) | Berry White,25,12.50,312.50,Net 30,S. Lindqvist,New York
Cannabis Realm Rockland County,OCM-RETL-25-000382,930380,2026-06-09,Delivered,Dragonfly,Dragonfly | 100mg Gummy (25ct) | Green Apple,30,5.00,150.00,COD,A. Torres,New York
Cannabis Realm Rockland County,OCM-RETL-25-000382,930380,2026-06-09,Delivered,Dragonfly,Dragonfly | 100mg Gummy (25ct) | Grape,30,5.00,150.00,COD,A. Torres,New York
Cannabis Realm Rockland County,OCM-RETL-25-000382,930380,2026-06-09,Delivered,Dragonfly,Dragonfly | 100mg Gummy (25ct) | Pineapple,30,5.00,150.00,Net 15,J. Brady,New York
Cannabis Realm Rockland County,OCM-RETL-25-000382,930380,2026-06-09,Delivered,Dragonfly,Dragonfly | 100mg Gummy (25ct) | Strawberry,30,5.00,150.00,Net 30,M. Okafor,New York
Cannabis Realm Rockland County,OCM-RETL-25-000382,930380,2026-06-09,Delivered,Dragonfly,Levitate | 100mg Live Resin Gummy (25ct) | Watermelon,40,10.00,400.00,Net 30,J. Brady,New York
Cannabis Realm Rockland County,OCM-RETL-25-000382,930380,2026-06-09,Delivered,Dragonfly,Dragonfly | 100mg Gummy Clusters (25ct) | Strawberry,40,6.00,240.00,Net 30,S. Lindqvist,New York
Tru Cannabis,OCM-CAURD-26-000351,930361,2026-06-09,Delivered,Dragonfly,Dragonfly | 2.5g Preroll Multipack (0.5g) | Tahiti Lime,5,12.50,62.50,Net 30,A. Torres,New York
Tru Cannabis,OCM-CAURD-26-000351,930361,2026-06-09,Delivered,Dragonfly,Dragonfly | 100mg Gummy Clusters (25ct) | Strawberry,10,6.00,60.00,COD,A. Torres,New York
Tru Cannabis,OCM-CAURD-26-000351,930361,2026-06-09,Delivered,Dragonfly,Dragonfly | 1g All-In-One Vape | Forbidden Fruit,5,15.00,75.00,COD,S. Lindqvist,New York
Tru Cannabis,OCM-CAURD-26-000351,930361,2026-06-09,Delivered,Dragonfly,Levitate | 100mg Live Resin Gummy (25ct) | Cherry,5,10.00,50.00,Net 30,J. Brady,New York
Tru Cannabis,OCM-CAURD-26-000351,930361,2026-06-09,Delivered,Dragonfly,Dragonfly | 1g All-In-One Vape | Mystery OG,5,15.00,75.00,COD,J. Brady,New York
Tru Cannabis,OCM-CAURD-26-000351,930361,2026-06-09,Delivered,Dragonfly,Levitate | 100mg Live Resin Gummy (25ct) | Pineapple,5,10.00,50.00,Net 30,M. Okafor,New York
Tru Cannabis,OCM-CAURD-26-000351,930361,2026-06-09,Delivered,Dragonfly,Dragonfly | 100mg Gummy Clusters (25ct) | Pineapple,10,6.00,60.00,Net 30,A. Torres,New York
Tru Cannabis,OCM-CAURD-26-000351,930361,2026-06-09,Delivered,Dragonfly,Dragonfly | Flower | 3.5g | Trop,15,12.00,180.00,Net 30,S. Lindqvist,New York
Tru Cannabis,OCM-CAURD-26-000351,930361,2026-06-09,Delivered,Dragonfly,Dragonfly | 1g All-In-One Vape | Strawberry Kiwi,5,15.00,75.00,Net 30,A. Torres,New York
Tru Cannabis,OCM-CAURD-26-000351,930361,2026-06-09,Delivered,Dragonfly,Dragonfly | 1g All-In-One Vape | Watermelon Skittlez,5,15.00,75.00,Net 30,S. Lindqvist,New York
Tru Cannabis,OCM-CAURD-26-000351,930361,2026-06-09,Delivered,Dragonfly,Dragonfly | 1g All-In-One Vape | Lychee Dream,5,15.00,75.00,Net 15,J. Brady,New York
Tru Cannabis,OCM-CAURD-26-000351,930361,2026-06-09,Delivered,Dragonfly,Dragonfly | 1g Preroll (50ct) | Kush Mintz,20,3.50,70.00,Net 15,M. Okafor,New York
Tru Cannabis,OCM-CAURD-26-000351,930361,2026-06-09,Delivered,Dragonfly,Dragonfly | 1g Preroll (50ct) | Secret Weapon,20,3.50,70.00,Net 30,A. Torres,New York
Tru Cannabis,OCM-CAURD-26-000351,930361,2026-06-09,Delivered,Dragonfly,Dragonfly | 1g Preroll (50ct) | Zlushi,20,3.50,70.00,Net 15,A. Torres,New York
Tru Cannabis,OCM-CAURD-26-000351,930361,2026-06-09,Delivered,Dragonfly,Dragonfly | 100mg Gummy Clusters (25ct) | Blue Razz,10,6.00,60.00,Net 15,J. Brady,New York
Tru Cannabis,OCM-CAURD-26-000351,930361,2026-06-09,Delivered,Dragonfly,Dragonfly | 1g All-In-One Vape | Electric Watermelon OG,5,15.00,75.00,Net 30,J. Brady,New York
Tru Cannabis,OCM-CAURD-26-000351,930361,2026-06-09,Delivered,Dragonfly,Dragonfly | 1g Preroll (50ct) | Tahiti Lime,20,3.50,70.00,COD,A. Torres,New York
Tru Cannabis,OCM-CAURD-26-000351,930361,2026-06-09,Delivered,Dragonfly,Dragonfly | 1g Preroll (50ct) | Blue Nerds,20,3.50,70.00,COD,S. Lindqvist,New York
Tru Cannabis,OCM-CAURD-26-000351,930361,2026-06-09,Delivered,Dragonfly,Levitate | 100mg Live Resin Gummy (25ct) | Grape,5,10.00,50.00,Net 15,S. Lindqvist,New York
Tru Cannabis,OCM-CAURD-26-000351,930361,2026-06-09,Delivered,Dragonfly,Dragonfly | 1g Preroll (50ct) | Berry White,20,3.50,70.00,Net 30,A. Torres,New York
Tru Cannabis,OCM-CAURD-26-000351,930361,2026-06-09,Delivered,Dragonfly,Dragonfly | 1g All-In-One Vape | Tahiti Breeze,5,15.00,75.00,Net 15,J. Brady,New York
Tru Cannabis,OCM-CAURD-26-000351,930361,2026-06-09,Delivered,Dragonfly,Dragonfly | 1g All-In-One Vape | Banana Bash,5,15.00,75.00,COD,J. Brady,New York
Tru Cannabis,OCM-CAURD-26-000351,930361,2026-06-09,Delivered,Dragonfly,Dragonfly | 1g Preroll (50ct) | Sutter,20,3.50,70.00,COD,A. Torres,New York
Tru Cannabis,OCM-CAURD-26-000351,930361,2026-06-09,Delivered,Dragonfly,Dragonfly Display Kit - Preroll,1,0.01,0.01,Net 30,J. Brady,New York
Tru Cannabis,OCM-CAURD-26-000351,930361,2026-06-09,Delivered,Dragonfly,Dragonfly | 2.5g Preroll Multipack (0.5g) | Pandora's Box,5,12.50,62.50,Net 15,J. Brady,New York
Tru Cannabis,OCM-CAURD-26-000351,930361,2026-06-09,Delivered,Dragonfly,Dragonfly | 100mg Gummy Clusters (25ct) | Green Apple,10,6.00,60.00,Net 30,M. Okafor,New York
Tru Cannabis,OCM-CAURD-26-000351,930361,2026-06-09,Delivered,Dragonfly,Levitate | 100mg Live Resin Gummy (25ct) | Watermelon,5,10.00,50.00,COD,A. Torres,New York
Tru Cannabis,OCM-CAURD-26-000351,930361,2026-06-09,Delivered,Dragonfly,Levitate | 100mg Live Resin Gummy (25ct) | Sour Apple,5,10.00,50.00,Net 30,S. Lindqvist,New York
Tru Cannabis,OCM-CAURD-26-000351,930361,2026-06-09,Delivered,Dragonfly,Dragonfly | 1g Preroll (50ct) | GMO,20,3.50,70.00,Net 15,M. Okafor,New York
The People's Joint,OCM-CAURD-24-000181,930312,2026-06-08,Delivered,Dragonfly,Dragonfly | 1g Preroll (50ct) | Tahiti Lime,100,3.50,350.00,Net 30,J. Brady,New York
The People's Joint,OCM-CAURD-24-000181,930312,2026-06-08,Delivered,Dragonfly,Dragonfly | 1g All-In-One Vape | Tahiti Breeze,25,15.00,375.00,Net 30,S. Lindqvist,New York
The People's Joint,OCM-CAURD-24-000181,930312,2026-06-08,Delivered,Dragonfly,Dragonfly | 1g All-In-One Vape | Watermelon Skittlez,25,15.00,375.00,Net 30,M. Okafor,New York
The People's Joint,OCM-CAURD-24-000181,930312,2026-06-08,Delivered,Dragonfly,Dragonfly | 1g Preroll (50ct) | Zlushi,99,3.50,346.50,Net 30,S. Lindqvist,New York
The People's Joint,OCM-CAURD-24-000181,930312,2026-06-08,Delivered,Dragonfly,Dragonfly | 1.25g Infused Preroll | Lychee Dream,50,5.00,250.00,Net 15,A. Torres,New York
The People's Joint,OCM-CAURD-24-000181,930312,2026-06-08,Delivered,Dragonfly,Dragonfly | 1g Preroll (50ct) | Sutter,100,3.50,350.00,Net 30,A. Torres,New York
The People's Joint,OCM-CAURD-24-000181,930312,2026-06-08,Delivered,Dragonfly,Dragonfly | 1g Preroll (50ct) | Berry White,99,3.50,346.50,Net 30,A. Torres,New York
The People's Joint,OCM-CAURD-24-000181,930312,2026-06-08,Delivered,Dragonfly,Dragonfly | 1.25g Infused Preroll | Melon Gum,49,5.00,245.00,Net 30,S. Lindqvist,New York
The People's Joint,OCM-CAURD-24-000181,930312,2026-06-08,Delivered,Dragonfly,Dragonfly | 1g Preroll (50ct) | Blue Nerds,99,3.50,346.50,COD,J. Brady,New York
Legacy Dispensary,OCM-CAURD-24-000058,930244,2026-06-08,Delivered,Dragonfly,Dragonfly | 1g Preroll (50ct) | Tahiti Lime,100,3.50,350.00,Net 30,J. Brady,New York
Legacy Dispensary,OCM-CAURD-24-000058,930244,2026-06-08,Delivered,Dragonfly,Dragonfly | 1g Preroll (50ct) | Blue Nerds,100,3.50,350.00,Net 15,J. Brady,New York
Legacy Dispensary,OCM-CAURD-24-000058,930244,2026-06-08,Delivered,Dragonfly,Dragonfly | 1g Vape Cart (50ct) | Forbidden Fruit,50,12.50,625.00,Net 30,J. Brady,New York
Legacy Dispensary,OCM-CAURD-24-000058,930244,2026-06-08,Delivered,Dragonfly,Dragonfly | 1.25g Infused Preroll | Lychee Dream,50,5.00,250.00,Net 30,S. Lindqvist,New York
Legacy Dispensary,OCM-CAURD-24-000058,930244,2026-06-08,Delivered,Dragonfly,Dragonfly | 1g All-In-One Vape | Lychee Dream,25,15.00,375.00,Net 30,S. Lindqvist,New York
Legacy Dispensary,OCM-CAURD-24-000058,930244,2026-06-08,Delivered,Dragonfly,Dragonfly | 1g All-In-One Vape | Electric Watermelon OG,25,15.00,375.00,COD,A. Torres,New York
Legacy Dispensary,OCM-CAURD-24-000058,930244,2026-06-08,Delivered,Dragonfly,Dragonfly | 1.25g Infused Preroll | Apple Tart,50,5.00,250.00,Net 30,A. Torres,New York
Legacy Dispensary,OCM-CAURD-24-000058,930244,2026-06-08,Delivered,Dragonfly,Dragonfly | 1g All-In-One Vape | Strawberry Kiwi,25,15.00,375.00,Net 30,A. Torres,New York
Legacy Dispensary,OCM-CAURD-24-000058,930244,2026-06-08,Delivered,Dragonfly,Dragonfly | 1.25g Infused Preroll | Melon Gum,50,5.00,250.00,Net 30,J. Brady,New York
Legacy Dispensary,OCM-CAURD-24-000058,930244,2026-06-08,Delivered,Dragonfly,Dragonfly | 1g All-In-One Vape | Mystery OG,25,15.00,375.00,Net 30,J. Brady,New York
Legacy Dispensary,OCM-CAURD-24-000058,930244,2026-06-08,Delivered,Dragonfly,Dragonfly | 1g Vape Cart (50ct) | Strawberry Cough,50,12.50,625.00,Net 15,A. Torres,New York
Mills Cannabis,OCM-RETL-24-000110,930234,2026-06-08,Delivered,Dragonfly,Dragonfly | 1g All-In-One Vape | Strawberry Kiwi,25,15.00,375.00,Net 30,S. Lindqvist,New York
Mills Cannabis,OCM-RETL-24-000110,930234,2026-06-08,Delivered,Dragonfly,Dragonfly | 1g All-In-One Vape | Electric Watermelon OG,25,15.00,375.00,Net 15,M. Okafor,New York
Mills Cannabis,OCM-RETL-24-000110,930234,2026-06-08,Delivered,Dragonfly,Dragonfly | 1g All-In-One Vape | Tahiti Breeze,25,15.00,375.00,Net 30,S. Lindqvist,New York
Mills Cannabis,OCM-RETL-24-000110,930234,2026-06-08,Delivered,Dragonfly,Levitate | 100mg Live Resin Gummy (25ct) | Cherry,50,7.50,375.00,Net 30,J. Brady,New York
Mills Cannabis,OCM-RETL-24-000110,930234,2026-06-08,Delivered,Dragonfly,Dragonfly | 1g All-In-One Vape | Banana Bash,25,15.00,375.00,Net 30,A. Torres,New York
Mills Cannabis,OCM-RETL-24-000110,930234,2026-06-08,Delivered,Dragonfly,Levitate | 100mg Live Resin Gummy (25ct) | Pineapple,50,7.50,375.00,Net 15,J. Brady,New York
Mills Cannabis,OCM-RETL-24-000110,930234,2026-06-08,Delivered,Dragonfly,Dragonfly | 100mg Gummy Clusters (25ct) | Strawberry,25,6.00,150.00,Net 30,J. Brady,New York
Mills Cannabis,OCM-RETL-24-000110,930234,2026-06-08,Delivered,Dragonfly,Dragonfly | 100mg Gummy Clusters (25ct) | Blue Razz,25,6.00,150.00,Net 15,M. Okafor,New York
Mills Cannabis,OCM-RETL-24-000110,930234,2026-06-08,Delivered,Dragonfly,Levitate | 100mg Live Resin Gummy (25ct) | Grape,50,7.50,375.00,COD,S. Lindqvist,New York
Mills Cannabis,OCM-RETL-24-000110,930234,2026-06-08,Delivered,Dragonfly,Dragonfly | 100mg Gummy (25ct) | Strawberry,25,5.00,125.00,COD,M. Okafor,New York
Mills Cannabis,OCM-RETL-24-000110,930234,2026-06-08,Delivered,Dragonfly,Dragonfly | 100mg Gummy Clusters (25ct) | Green Apple,25,6.00,150.00,Net 15,A. Torres,New York
Mills Cannabis,OCM-RETL-24-000110,930234,2026-06-08,Delivered,Dragonfly,Levitate | 100mg Live Resin Gummy (25ct) | Watermelon,50,7.50,375.00,COD,A. Torres,New York
Mills Cannabis,OCM-RETL-24-000110,930234,2026-06-08,Delivered,Dragonfly,Dragonfly | 100mg Gummy Clusters (25ct) | Pineapple,25,6.00,150.00,Net 30,A. Torres,New York
Mills Cannabis,OCM-RETL-24-000110,930234,2026-06-08,Delivered,Dragonfly,Levitate | 100mg Live Resin Gummy (25ct) | Sour Apple,50,7.50,375.00,Net 15,J. Brady,New York
420 Bliss,OCM-CAURD-23-000032,930229,2026-06-08,Delivered,Dragonfly,Dragonfly | 1.25g Infused Preroll | Mango Tango,50,5.00,250.00,COD,M. Okafor,New York
420 Bliss,OCM-CAURD-23-000032,930229,2026-06-08,Delivered,Dragonfly,Dragonfly | 1g All-In-One Vape | Banana Bash,25,15.00,375.00,Net 30,S. Lindqvist,New York
420 Bliss,OCM-CAURD-23-000032,930229,2026-06-08,Delivered,Dragonfly,Dragonfly | 1g Vape Cart (50ct) | Forbidden Fruit,50,12.50,625.00,COD,A. Torres,New York
420 Bliss,OCM-CAURD-23-000032,930229,2026-06-08,Delivered,Dragonfly,Dragonfly | 1g Vape Cart (50ct) | Blackberry Kush,50,12.50,625.00,Net 15,S. Lindqvist,New York
420 Bliss,OCM-CAURD-23-000032,930229,2026-06-08,Delivered,Dragonfly,Dragonfly | 1g Preroll (50ct) | Blue Nerds,50,3.50,175.00,Net 30,M. Okafor,New York
420 Bliss,OCM-CAURD-23-000032,930229,2026-06-08,Delivered,Dragonfly,Dragonfly | 1g Vape Cart (50ct) | Orange Creamsicle,50,12.50,625.00,COD,S. Lindqvist,New York
420 Bliss,OCM-CAURD-23-000032,930229,2026-06-08,Delivered,Dragonfly,Dragonfly | 1g All-In-One Vape | Strawberry Kiwi,25,15.00,375.00,COD,A. Torres,New York
420 Bliss,OCM-CAURD-23-000032,930229,2026-06-08,Delivered,Dragonfly,Dragonfly | 1g Preroll (50ct) | Berry White,50,3.50,175.00,COD,M. Okafor,New York
420 Bliss,OCM-CAURD-23-000032,930229,2026-06-08,Delivered,Dragonfly,Dragonfly | 1g Vape Cart (50ct) | Strawberry Cough,50,12.50,625.00,COD,S. Lindqvist,New York
420 Bliss,OCM-CAURD-23-000032,930229,2026-06-08,Delivered,Dragonfly,Dragonfly | 1.25g Infused Preroll | Lychee Dream,50,5.00,250.00,Net 30,J. Brady,New York
County Road Cannabis,OCM-RETL-24-000059,930225,2026-06-08,Delivered,Dragonfly,Dragonfly | 1g Preroll (50ct) | Tahiti Lime,50,3.50,175.00,Net 30,J. Brady,New York
County Road Cannabis,OCM-RETL-24-000059,930225,2026-06-08,Delivered,Dragonfly,Dragonfly | 1g All-In-One Vape | Mystery OG,25,15.00,375.00,Net 30,S. Lindqvist,New York
County Road Cannabis,OCM-RETL-24-000059,930225,2026-06-08,Delivered,Dragonfly,Dragonfly | 1g All-In-One Vape | Lychee Dream,25,15.00,375.00,Net 30,J. Brady,New York
County Road Cannabis,OCM-RETL-24-000059,930225,2026-06-08,Delivered,Dragonfly,Dragonfly | 1g Preroll (50ct) | Zlushi,50,3.50,175.00,Net 30,S. Lindqvist,New York
County Road Cannabis,OCM-RETL-24-000059,930225,2026-06-08,Delivered,Dragonfly,Dragonfly | 1g Preroll (50ct) | Blue Nerds,50,3.50,175.00,Net 30,A. Torres,New York
County Road Cannabis,OCM-RETL-24-000059,930225,2026-06-08,Delivered,Dragonfly,Dragonfly | 1g All-In-One Vape | Forbidden Fruit,25,15.00,375.00,Net 30,M. Okafor,New York
County Road Cannabis,OCM-RETL-24-000059,930225,2026-06-08,Delivered,Dragonfly,Dragonfly | 1g All-In-One Vape | Electric Watermelon OG,25,15.00,375.00,Net 30,J. Brady,New York
County Road Cannabis,OCM-RETL-24-000059,930225,2026-06-08,Delivered,Dragonfly,Dragonfly | 1g All-In-One Vape | Banana Bash,25,15.00,375.00,COD,A. Torres,New York
Middletown Indoor Cannabis Co,OCM-RETL-25-000304,930219,2026-06-08,Delivered,Dragonfly,Dragonfly | 1g Preroll (50ct) | Blue Nerds,50,3.50,175.00,Net 30,A. Torres,New York
Middletown Indoor Cannabis Co,OCM-RETL-25-000304,930219,2026-06-08,Delivered,Dragonfly,Dragonfly | 1.25g Infused Preroll | Passion Orange Guava,50,5.00,250.00,Net 15,A. Torres,New York
Middletown Indoor Cannabis Co,OCM-RETL-25-000304,930219,2026-06-08,Delivered,Dragonfly,Dragonfly | 1g Vape Cart (50ct) | Forbidden Fruit,50,12.50,625.00,Net 15,S. Lindqvist,New York
Middletown Indoor Cannabis Co,OCM-RETL-25-000304,930219,2026-06-08,Delivered,Dragonfly,Dragonfly | 1g Vape Cart (50ct) | Blackberry Kush,50,12.50,625.00,COD,A. Torres,New York
Middletown Indoor Cannabis Co,OCM-RETL-25-000304,930219,2026-06-08,Delivered,Dragonfly,Dragonfly | 1.25g Infused Preroll | Apple Tart,50,5.00,250.00,Net 15,J. Brady,New York
Middletown Indoor Cannabis Co,OCM-RETL-25-000304,930219,2026-06-08,Delivered,Dragonfly,Dragonfly | 1.25g Infused Preroll | Blackberry Sherbet,50,5.00,250.00,Net 15,J. Brady,New York
Middletown Indoor Cannabis Co,OCM-RETL-25-000304,930219,2026-06-08,Delivered,Dragonfly,Dragonfly | 1g Vape Cart (50ct) | Strawberry Cough,50,12.50,625.00,COD,S. Lindqvist,New York
Middletown Indoor Cannabis Co,OCM-RETL-25-000304,930219,2026-06-08,Delivered,Dragonfly,Dragonfly | 1g Preroll (50ct) | Zlushi,50,3.50,175.00,Net 30,A. Torres,New York
Middletown Indoor Cannabis Co,OCM-RETL-25-000304,930219,2026-06-08,Delivered,Dragonfly,Dragonfly | 1g Vape Cart (50ct) | Orange Creamsicle,50,12.50,625.00,COD,A. Torres,New York
Middletown Indoor Cannabis Co,OCM-RETL-25-000304,930219,2026-06-08,Delivered,Dragonfly,Dragonfly | 1g Preroll (50ct) | Tahiti Lime,50,3.50,175.00,Net 30,J. Brady,New York
Dutchess Roots,OCM-RETL-24-000226,930207,2026-06-08,Delivered,Dragonfly,Dragonfly | 1g All-In-One Vape | Mystery OG,50,15.00,750.00,COD,M. Okafor,New York
Dutchess Roots,OCM-RETL-24-000226,930207,2026-06-08,Delivered,Dragonfly,Dragonfly | 1g Vape Cart (50ct) | Unicorn Piss,50,12.50,625.00,COD,J. Brady,New York
Dutchess Roots,OCM-RETL-24-000226,930207,2026-06-08,Delivered,Dragonfly,Dragonfly | 100mg Gummy (25ct) | Grape,20,5.00,100.00,Net 30,S. Lindqvist,New York
Dutchess Roots,OCM-RETL-24-000226,930207,2026-06-08,Delivered,Dragonfly,Dragonfly | 1g All-In-One Vape | Electric Watermelon OG,50,15.00,750.00,Net 30,J. Brady,New York
Dutchess Roots,OCM-RETL-24-000226,930207,2026-06-08,Delivered,Dragonfly,Dragonfly | Infused Multipack 10pk (1.25g) | Strawberry Kiwi,20,40.00,800.00,Net 15,M. Okafor,New York
Dutchess Roots,OCM-RETL-24-000226,930207,2026-06-08,Delivered,Dragonfly,Dragonfly | 1g Vape Cart (50ct) | Lemon Drop,50,12.50,625.00,COD,J. Brady,New York
Dutchess Roots,OCM-RETL-24-000226,930207,2026-06-08,Delivered,Dragonfly,Dragonfly | 1g Vape Cart (50ct) | Orange Creamsicle,50,12.50,625.00,Net 30,A. Torres,New York
Happy Alta Ridgewood,OCM-RETL-24-000075,930202,2026-06-08,Delivered,Dragonfly,Dragonfly | 1g Preroll (50ct) | Blue Nerds,50,3.50,175.00,COD,J. Brady,New York
Happy Alta Ridgewood,OCM-RETL-24-000075,930202,2026-06-08,Delivered,Dragonfly,Dragonfly | Flower | 3.5g | Trop,25,12.00,300.00,Net 30,S. Lindqvist,New York
Happy Alta Ridgewood,OCM-RETL-24-000075,930202,2026-06-08,Delivered,Dragonfly,Dragonfly | 1.25g Infused Preroll | Mango Tango,50,5.00,250.00,Net 30,S. Lindqvist,New York
Happy Alta Ridgewood,OCM-RETL-24-000075,930202,2026-06-08,Delivered,Dragonfly,Dragonfly | 1.25g Infused Preroll | Watermelon Skittlez,50,5.00,250.00,COD,J. Brady,New York
Happy Alta Ridgewood,OCM-RETL-24-000075,930202,2026-06-08,Delivered,Dragonfly,Dragonfly | 1g Preroll (50ct) | Tahiti Lime,50,3.50,175.00,Net 30,A. Torres,New York
Happy Alta Ridgewood,OCM-RETL-24-000075,930202,2026-06-08,Delivered,Dragonfly,Dragonfly | 1.25g Infused Preroll | Apple Tart,50,5.00,250.00,Net 30,M. Okafor,New York
Happy Alta Ridgewood,OCM-RETL-24-000075,930202,2026-06-08,Delivered,Dragonfly,Dragonfly | 1.25g Infused Preroll | Passion Orange Guava,50,5.00,250.00,Net 30,S. Lindqvist,New York
Happy Alta Ridgewood,OCM-RETL-24-000075,930202,2026-06-08,Delivered,Dragonfly,Dragonfly | 1.25g Infused Preroll | Lychee Dream,50,5.00,250.00,Net 30,A. Torres,New York
Happy Alta Ridgewood,OCM-RETL-24-000075,930202,2026-06-08,Delivered,Dragonfly,Dragonfly | 1.25g Infused Preroll | Lemon Cherry,50,5.00,250.00,Net 30,S. Lindqvist,New York
Happy Alta Ridgewood,OCM-RETL-24-000075,930202,2026-06-08,Delivered,Dragonfly,Dragonfly | 1g Preroll (50ct) | Zlushi,50,3.50,175.00,Net 30,M. Okafor,New York
Munchies Dispensary,OCM-CAURD-24-000203,930200,2026-06-08,Delivered,Dragonfly,Dragonfly | 1.25g Infused Preroll | Mango Tango,50,5.00,250.00,Net 30,M. Okafor,New York
Munchies Dispensary,OCM-CAURD-24-000203,930200,2026-06-08,Delivered,Dragonfly,Dragonfly | 1.25g Infused Preroll | Lemon Cherry,50,5.00,250.00,Net 30,M. Okafor,New York
Munchies Dispensary,OCM-CAURD-24-000203,930200,2026-06-08,Delivered,Dragonfly,Dragonfly | 1g Preroll (50ct) | Zlushi,50,3.50,175.00,COD,J. Brady,New York
Munchies Dispensary,OCM-CAURD-24-000203,930200,2026-06-08,Delivered,Dragonfly,Dragonfly | 1g Preroll (50ct) | Tahiti Lime,50,3.50,175.00,Net 30,A. Torres,New York
Munchies Dispensary,OCM-CAURD-24-000203,930200,2026-06-08,Delivered,Dragonfly,Dragonfly | 1g Preroll (50ct) | Blue Nerds,50,3.50,175.00,Net 30,M. Okafor,New York
Munchies Dispensary,OCM-CAURD-24-000203,930200,2026-06-08,Delivered,Dragonfly,Dragonfly | Flower | 3.5g | Trop,25,12.00,300.00,Net 30,S. Lindqvist,New York
Munchies Dispensary,OCM-CAURD-24-000203,930200,2026-06-08,Delivered,Dragonfly,Dragonfly | 1.25g Infused Preroll | Apple Tart,50,5.00,250.00,COD,S. Lindqvist,New York
Munchies Dispensary,OCM-CAURD-24-000203,930200,2026-06-08,Delivered,Dragonfly,Dragonfly | 1.25g Infused Preroll | Watermelon Skittlez,50,5.00,250.00,Net 30,J. Brady,New York
Munchies Dispensary,OCM-CAURD-24-000203,930200,2026-06-08,Delivered,Dragonfly,Dragonfly | 1.25g Infused Preroll | Lychee Dream,50,5.00,250.00,COD,J. Brady,New York
Munchies Dispensary,OCM-CAURD-24-000203,930200,2026-06-08,Delivered,Dragonfly,Dragonfly | 1.25g Infused Preroll | Passion Orange Guava,50,5.00,250.00,Net 30,M. Okafor,New York
Hold Up Roll Up Brooklyn,OCM-CAURD-26-000329,930198,2026-06-08,Delivered,Dragonfly,Dragonfly | 1g Preroll (50ct) | Blue Nerds,50,3.50,175.00,Net 30,M. Okafor,New York
Hold Up Roll Up Brooklyn,OCM-CAURD-26-000329,930198,2026-06-08,Delivered,Dragonfly,Dragonfly | 1g Preroll (50ct) | Tahiti Lime,50,3.50,175.00,COD,A. Torres,New York
Hold Up Roll Up Brooklyn,OCM-CAURD-26-000329,930198,2026-06-08,Delivered,Dragonfly,Dragonfly | 1g All-In-One Vape | Tahiti Breeze,25,15.00,375.00,Net 30,S. Lindqvist,New York
Hold Up Roll Up Brooklyn,OCM-CAURD-26-000329,930198,2026-06-08,Delivered,Dragonfly,Dragonfly | 100mg Gummy Clusters (25ct) | Pineapple,25,6.00,150.00,Net 15,M. Okafor,New York
Hold Up Roll Up Brooklyn,OCM-CAURD-26-000329,930198,2026-06-08,Delivered,Dragonfly,Dragonfly | Flower | 28g | Dulce De Uva,10,80.00,800.00,Net 30,A. Torres,New York
Hold Up Roll Up Brooklyn,OCM-CAURD-26-000329,930198,2026-06-08,Delivered,Dragonfly,Dragonfly | 100mg Gummy Clusters (25ct) | Blue Razz,25,6.00,150.00,Net 30,M. Okafor,New York
Hold Up Roll Up Brooklyn,OCM-CAURD-26-000329,930198,2026-06-08,Delivered,Dragonfly,Dragonfly | 1g Preroll (50ct) | GMO,50,3.50,175.00,Net 30,M. Okafor,New York
High Society Dispensary LLC,OCM-CAURD-24-000171,930188,2026-06-08,Delivered,Dragonfly,Dragonfly | 1g All-In-One Vape | Lychee Dream,25,15.00,375.00,Net 15,J. Brady,New York
High Society Dispensary LLC,OCM-CAURD-24-000171,930188,2026-06-08,Delivered,Dragonfly,Dragonfly | 1g Preroll (50ct) | Sutter,200,3.50,700.00,Net 15,A. Torres,New York
High Society Dispensary LLC,OCM-CAURD-24-000171,930188,2026-06-08,Delivered,Dragonfly,Dragonfly | Infused Multipack 10pk (1.25g) | Melon Gum,20,40.00,800.00,Net 15,A. Torres,New York
High Society Dispensary LLC,OCM-CAURD-24-000171,930188,2026-06-08,Delivered,Dragonfly,Dragonfly | 1g Preroll (50ct) | Berry White,200,3.50,700.00,COD,J. Brady,New York
High Society Dispensary LLC,OCM-CAURD-24-000171,930188,2026-06-08,Delivered,Dragonfly,Dragonfly | Infused Multipack 10pk (1.25g) | S'mores,20,40.00,800.00,COD,M. Okafor,New York
High Society Dispensary LLC,OCM-CAURD-24-000171,930188,2026-06-08,Delivered,Dragonfly,Dragonfly | 1g Preroll (50ct) | Blue Nerds,200,3.50,700.00,Net 15,A. Torres,New York
High Society Dispensary LLC,OCM-CAURD-24-000171,930188,2026-06-08,Delivered,Dragonfly,Dragonfly | 1.25g Infused Preroll | Blackberry Sherbet,100,5.00,500.00,Net 30,M. Okafor,New York
High Society Dispensary LLC,OCM-CAURD-24-000171,930188,2026-06-08,Delivered,Dragonfly,Dragonfly | 1.25g Infused Preroll | Melon Gum,200,5.00,1000.00,Net 15,A. Torres,New York
High Society Dispensary LLC,OCM-CAURD-24-000171,930188,2026-06-08,Delivered,Dragonfly,Dragonfly | 1g Preroll (50ct) | Tahiti Lime,200,3.50,700.00,Net 30,A. Torres,New York
High Society Dispensary LLC,OCM-CAURD-24-000171,930188,2026-06-08,Delivered,Dragonfly,Dragonfly | 1g Preroll (50ct) | Zlushi,200,3.50,700.00,COD,A. Torres,New York
High Society Dispensary LLC,OCM-CAURD-24-000171,930188,2026-06-08,Delivered,Dragonfly,Dragonfly | 1g All-In-One Vape | Electric Watermelon OG,25,15.00,375.00,Net 30,J. Brady,New York
High Society Dispensary LLC,OCM-CAURD-24-000171,930188,2026-06-08,Delivered,Dragonfly,Dragonfly | 2.5g Preroll Multipack (0.5g) | Pandora's Box,25,12.50,312.50,Net 30,A. Torres,New York
Aroma Farms,OCM-CAURD-25-000230,930025,2026-06-05,Delivered,Dragonfly,Dragonfly | 1g Preroll (50ct) | Zlushi,99,3.50,346.50,Net 15,S. Lindqvist,New York
Aroma Farms,OCM-CAURD-25-000230,930025,2026-06-05,Delivered,Dragonfly,Dragonfly | 1g Preroll (50ct) | Blue Nerds,99,3.50,346.50,COD,A. Torres,New York
Aroma Farms,OCM-CAURD-25-000230,930025,2026-06-05,Delivered,Dragonfly,Dragonfly | 1g Preroll (50ct) | Kush Mintz,100,3.50,350.00,Net 30,A. Torres,New York
Aroma Farms,OCM-CAURD-25-000230,930025,2026-06-05,Delivered,Dragonfly,Dragonfly | 1g Preroll (50ct) | GMO,100,3.50,350.00,COD,A. Torres,New York
Aroma Farms,OCM-CAURD-25-000230,930025,2026-06-05,Delivered,Dragonfly,Dragonfly | 1g Preroll (50ct) | Tahiti Lime,100,3.50,350.00,Net 30,M. Okafor,New York
Aroma Farms,OCM-CAURD-25-000230,930025,2026-06-05,Delivered,Dragonfly,Dragonfly | 1g Preroll (50ct) | Sutter,100,3.50,350.00,Net 30,A. Torres,New York
Aroma Farms,OCM-CAURD-25-000230,930025,2026-06-05,Delivered,Dragonfly,Dragonfly | 1g Preroll (50ct) | Secret Weapon,100,3.50,350.00,Net 30,S. Lindqvist,New York
Aroma Farms,OCM-CAURD-25-000230,930025,2026-06-05,Delivered,Dragonfly,Dragonfly | 1g Preroll (50ct) | Berry White,99,3.50,346.50,Net 15,S. Lindqvist,New York
Silver Cannabis Company Saratoga Springs,OCM-RETL-24-000101,929973,2026-06-05,Delivered,Dragonfly,Dragonfly | 1.25g Infused Preroll | Apple Tart,50,5.00,250.00,COD,J. Brady,New York
Silver Cannabis Company Saratoga Springs,OCM-RETL-24-000101,929973,2026-06-05,Delivered,Dragonfly,Dragonfly | Infused Multipack 10pk (1.25g) | Melon Gum,20,40.00,800.00,Net 15,J. Brady,New York
Silver Cannabis Company Saratoga Springs,OCM-RETL-24-000101,929973,2026-06-05,Delivered,Dragonfly,Dragonfly | 100mg Gummy Clusters (25ct) | Blue Razz,100,6.00,600.00,COD,M. Okafor,New York
Silver Cannabis Company Saratoga Springs,OCM-RETL-24-000101,929973,2026-06-05,Delivered,Dragonfly,Dragonfly | 100mg Gummy Clusters (25ct) | Pineapple,50,6.00,300.00,COD,J. Brady,New York
Silver Cannabis Company Saratoga Springs,OCM-RETL-24-000101,929973,2026-06-05,Delivered,Dragonfly,Dragonfly | 1.25g Infused Preroll | Lychee Dream,50,5.00,250.00,COD,M. Okafor,New York
Silver Cannabis Company Saratoga Springs,OCM-RETL-24-000101,929973,2026-06-05,Delivered,Dragonfly,Dragonfly | 100mg Gummy Clusters (25ct) | Green Apple,50,6.00,300.00,Net 30,M. Okafor,New York
Silver Cannabis Company Saratoga Springs,OCM-RETL-24-000101,929973,2026-06-05,Delivered,Dragonfly,Dragonfly | 100mg Gummy (25ct) | Grape,25,5.00,125.00,COD,J. Brady,New York
Silver Cannabis Company Saratoga Springs,OCM-RETL-24-000101,929973,2026-06-05,Delivered,Dragonfly,Dragonfly | 100mg Gummy Clusters (25ct) | Strawberry,50,6.00,300.00,Net 30,J. Brady,New York
Silver Cannabis Company Saratoga Springs,OCM-RETL-24-000101,929973,2026-06-05,Delivered,Dragonfly,Dragonfly | 1.25g Infused Preroll | Watermelon Skittlez,50,5.00,250.00,Net 15,S. Lindqvist,New York
Silver Cannabis Company Saratoga Springs,OCM-RETL-24-000101,929973,2026-06-05,Delivered,Dragonfly,Dragonfly | Infused Multipack 10pk (1.25g) | Strawberry Kiwi,20,40.00,800.00,Net 30,A. Torres,New York
Blissful Buds,OCM-RETL-25-000400,929953,2026-06-05,Delivered,Dragonfly,Dragonfly | 100mg Gummy Clusters (25ct) | Strawberry,25,6.00,150.00,Net 30,A. Torres,New York
Blissful Buds,OCM-RETL-25-000400,929953,2026-06-05,Delivered,Dragonfly,Dragonfly | 1g All-In-One Vape | Electric Watermelon OG,25,15.00,375.00,Net 30,S. Lindqvist,New York
Blissful Buds,OCM-RETL-25-000400,929953,2026-06-05,Delivered,Dragonfly,Dragonfly | 100mg Gummy Clusters (25ct) | Green Apple,25,6.00,150.00,Net 30,S. Lindqvist,New York
Blissful Buds,OCM-RETL-25-000400,929953,2026-06-05,Delivered,Dragonfly,Dragonfly | 100mg Gummy Clusters (25ct) | Pineapple,25,6.00,150.00,Net 15,M. Okafor,New York
Blissful Buds,OCM-RETL-25-000400,929953,2026-06-05,Delivered,Dragonfly,Dragonfly | 1g All-In-One Vape | Lychee Dream,25,15.00,375.00,Net 30,M. Okafor,New York
Blissful Buds,OCM-RETL-25-000400,929953,2026-06-05,Delivered,Dragonfly,Dragonfly | 1g All-In-One Vape | Banana Bash,25,15.00,375.00,Net 15,M. Okafor,New York
Blissful Buds,OCM-RETL-25-000400,929953,2026-06-05,Delivered,Dragonfly,Dragonfly | 1g All-In-One Vape | Strawberry Kiwi,25,15.00,375.00,Net 30,A. Torres,New York
Blissful Buds,OCM-RETL-25-000400,929953,2026-06-05,Delivered,Dragonfly,Dragonfly | 1g All-In-One Vape | Tahiti Breeze,25,15.00,375.00,Net 15,A. Torres,New York
Casa Verde Dispensary,OCM-RETL-25-000429,929915,2026-06-04,Delivered,Dragonfly,Dragonfly | 1.25g Infused Preroll | Lychee Dream,50,5.00,250.00,Net 30,M. Okafor,New York
Casa Verde Dispensary,OCM-RETL-25-000429,929915,2026-06-04,Delivered,Dragonfly,Dragonfly | 1.25g Infused Preroll | Blackberry Sherbet,50,5.00,250.00,COD,S. Lindqvist,New York
Casa Verde Dispensary,OCM-RETL-25-000429,929915,2026-06-04,Delivered,Dragonfly,Dragonfly | 1.25g Infused Preroll | Passion Orange Guava,50,5.00,250.00,COD,M. Okafor,New York
Casa Verde Dispensary,OCM-RETL-25-000429,929915,2026-06-04,Delivered,Dragonfly,Dragonfly | 1g Preroll (50ct) | Zlushi,50,3.50,175.00,Net 30,M. Okafor,New York
Casa Verde Dispensary,OCM-RETL-25-000429,929915,2026-06-04,Delivered,Dragonfly,Dragonfly | 1.25g Infused Preroll | Watermelon Skittlez,50,5.00,250.00,Net 30,S. Lindqvist,New York
Casa Verde Dispensary,OCM-RETL-25-000429,929915,2026-06-04,Delivered,Dragonfly,Dragonfly | Flower | 3.5g | Trop,25,12.00,300.00,Net 30,A. Torres,New York
Casa Verde Dispensary,OCM-RETL-25-000429,929915,2026-06-04,Delivered,Dragonfly,Dragonfly | 1.25g Infused Preroll | Lemon Cherry,50,5.00,250.00,COD,J. Brady,New York
Casa Verde Dispensary,OCM-RETL-25-000429,929915,2026-06-04,Delivered,Dragonfly,Dragonfly | 1.25g Infused Preroll | Apple Tart,50,5.00,250.00,Net 15,S. Lindqvist,New York
Casa Verde Dispensary,OCM-RETL-25-000429,929915,2026-06-04,Delivered,Dragonfly,Dragonfly | 1g Preroll (50ct) | Blue Nerds,50,3.50,175.00,Net 15,A. Torres,New York
Twisted Vibration,OCM-CAURD-24-000191,929797,2026-06-04,Delivered,Dragonfly,Dragonfly | 1.25g Infused Preroll | Lychee Dream,50,5.00,250.00,Net 15,M. Okafor,New York
Twisted Vibration,OCM-CAURD-24-000191,929797,2026-06-04,Delivered,Dragonfly,Dragonfly | 1g All-In-One Vape | Tahiti Breeze,25,15.00,375.00,COD,M. Okafor,New York
Twisted Vibration,OCM-CAURD-24-000191,929797,2026-06-04,Delivered,Dragonfly,Dragonfly | 1g All-In-One Vape | Lychee Dream,25,15.00,375.00,COD,M. Okafor,New York
Twisted Vibration,OCM-CAURD-24-000191,929797,2026-06-04,Delivered,Dragonfly,Dragonfly | 1.25g Infused Preroll | Passion Orange Guava,50,5.00,250.00,Net 15,M. Okafor,New York
Twisted Vibration,OCM-CAURD-24-000191,929797,2026-06-04,Delivered,Dragonfly,Dragonfly | 1g All-In-One Vape | Strawberry Kiwi,25,15.00,375.00,Net 30,A. Torres,New York
Twisted Vibration,OCM-CAURD-24-000191,929797,2026-06-04,Delivered,Dragonfly,Dragonfly | 1.25g Infused Preroll | Mango Tango,50,5.00,250.00,Net 15,J. Brady,New York
Twisted Vibration,OCM-CAURD-24-000191,929797,2026-06-04,Delivered,Dragonfly,Dragonfly | 1g All-In-One Vape | Electric Watermelon OG,25,15.00,375.00,COD,J. Brady,New York
Indoor Treez Corp.,OCM-CAURD-24-000120,929693,2026-06-03,Delivered,Dragonfly,Dragonfly | 100mg Gummy Clusters (25ct) | Green Apple,24,6.00,144.00,Net 15,J. Brady,New York
Indoor Treez Corp.,OCM-CAURD-24-000120,929693,2026-06-03,Delivered,Dragonfly,Dragonfly | Infused Multipack 10pk (1.25g) | S'mores,20,40.00,800.00,Net 30,A. Torres,New York
Indoor Treez Corp.,OCM-CAURD-24-000120,929693,2026-06-03,Delivered,Dragonfly,Dragonfly | 2.5g Preroll Multipack (0.5g) | Tahiti Lime,24,12.50,300.00,COD,J. Brady,New York
Indoor Treez Corp.,OCM-CAURD-24-000120,929693,2026-06-03,Delivered,Dragonfly,Levitate | 100mg Live Resin Gummy (25ct) | Cherry,25,7.50,187.50,COD,S. Lindqvist,New York
Indoor Treez Corp.,OCM-CAURD-24-000120,929693,2026-06-03,Delivered,Dragonfly,Naka | Flower | 3.5g | Zlushi,25,20.00,500.00,COD,M. Okafor,New York
Indoor Treez Corp.,OCM-CAURD-24-000120,929693,2026-06-03,Delivered,Dragonfly,Dragonfly | Infused Multipack 10pk (1.25g) | Strawberry Kiwi,20,40.00,800.00,COD,S. Lindqvist,New York
Indoor Treez Corp.,OCM-CAURD-24-000120,929693,2026-06-03,Delivered,Dragonfly,Dragonfly | 1g All-In-One Vape | Electric Watermelon OG,24,15.00,360.00,Net 30,M. Okafor,New York
Indoor Treez Corp.,OCM-CAURD-24-000120,929693,2026-06-03,Delivered,Dragonfly,Dragonfly | 1g Vape Cart (50ct) | Unicorn Piss,49,12.50,612.50,COD,J. Brady,New York
Indoor Treez Corp.,OCM-CAURD-24-000120,929693,2026-06-03,Delivered,Dragonfly,Dragonfly | Infused Multipack 10pk (1.25g) | Pineapple Upside Down Cake,20,40.00,800.00,Net 30,J. Brady,New York
Indoor Treez Corp.,OCM-CAURD-24-000120,929693,2026-06-03,Delivered,Dragonfly,Dragonfly | 1g Preroll (50ct) | Berry White,49,3.50,171.50,Net 30,S. Lindqvist,New York
Indoor Treez Corp.,OCM-CAURD-24-000120,929693,2026-06-03,Delivered,Dragonfly,Dragonfly | Flower | 28g | Sour Garlic,10,80.00,800.00,Net 30,A. Torres,New York
Indoor Treez Corp.,OCM-CAURD-24-000120,929693,2026-06-03,Delivered,Dragonfly,Dragonfly Display Kit - Preroll,2,0.01,0.02,Net 30,A. Torres,New York
Indoor Treez Corp.,OCM-CAURD-24-000120,929693,2026-06-03,Delivered,Dragonfly,Dragonfly | 28g Preroll Multipack | Pandora's Box,19,80.00,1520.00,Net 30,J. Brady,New York
Indoor Treez Corp.,OCM-CAURD-24-000120,929693,2026-06-03,Delivered,Dragonfly,Dragonfly | Flower | 28g | Blue Nerds,10,80.00,800.00,COD,M. Okafor,New York
Indoor Treez Corp.,OCM-CAURD-24-000120,929693,2026-06-03,Delivered,Dragonfly,Dragonfly | 2.5g Preroll Multipack (0.5g) | Berry White,24,12.50,300.00,COD,S. Lindqvist,New York
Indoor Treez Corp.,OCM-CAURD-24-000120,929693,2026-06-03,Delivered,Dragonfly,Dragonfly | Flower | 28g | Blue Dream,10,80.00,800.00,COD,A. Torres,New York
Indoor Treez Corp.,OCM-CAURD-24-000120,929693,2026-06-03,Delivered,Dragonfly,Dragonfly | 1g All-In-One Vape | Watermelon Skittlez,24,15.00,360.00,Net 15,J. Brady,New York
Indoor Treez Corp.,OCM-CAURD-24-000120,929693,2026-06-03,Delivered,Dragonfly,Dragonfly | Flower | 28g | Dulce De Uva,10,80.00,800.00,COD,M. Okafor,New York
Indoor Treez Corp.,OCM-CAURD-24-000120,929693,2026-06-03,Delivered,Dragonfly,Dragonfly | 1g All-In-One Vape | Tahiti Breeze,24,15.00,360.00,Net 15,M. Okafor,New York
Indoor Treez Corp.,OCM-CAURD-24-000120,929693,2026-06-03,Delivered,Dragonfly,Dragonfly | 1g Preroll (50ct) | Blue Nerds,49,3.50,171.50,Net 15,A. Torres,New York
Indoor Treez Corp.,OCM-CAURD-24-000120,929693,2026-06-03,Delivered,Dragonfly,Levitate | 100mg Live Resin Gummy (25ct) | Watermelon,25,7.50,187.50,Net 30,J. Brady,New York
Indoor Treez Corp.,OCM-CAURD-24-000120,929693,2026-06-03,Delivered,Dragonfly,Levitate | 100mg Live Resin Gummy (25ct) | Sour Apple,25,7.50,187.50,Net 30,A. Torres,New York
Indoor Treez Corp.,OCM-CAURD-24-000120,929693,2026-06-03,Delivered,Dragonfly,Dragonfly | 28g Preroll Multipack | Blue Dream,19,80.00,1520.00,COD,A. Torres,New York
Indoor Treez Corp.,OCM-CAURD-24-000120,929693,2026-06-03,Delivered,Dragonfly,Dragonfly | 1.25g Infused Preroll | Mango Tango,49,5.00,245.00,COD,J. Brady,New York
Indoor Treez Corp.,OCM-CAURD-24-000120,929693,2026-06-03,Delivered,Dragonfly,Dragonfly | 2.5g Preroll Multipack (0.5g) | Pandora's Box,24,12.50,300.00,COD,S. Lindqvist,New York
Indoor Treez Corp.,OCM-CAURD-24-000120,929693,2026-06-03,Delivered,Dragonfly,Dragonfly | 1.25g Infused Preroll | Blackberry Sherbet,49,5.00,245.00,Net 30,A. Torres,New York
Indoor Treez Corp.,OCM-CAURD-24-000120,929693,2026-06-03,Delivered,Dragonfly,Dragonfly | 1g All-In-One Vape | Lychee Dream,24,15.00,360.00,Net 30,S. Lindqvist,New York
Indoor Treez Corp.,OCM-CAURD-24-000120,929693,2026-06-03,Delivered,Dragonfly,Dragonfly | 100mg Gummy Clusters (25ct) | Strawberry,24,6.00,144.00,Net 15,S. Lindqvist,New York
Indoor Treez Corp.,OCM-CAURD-24-000120,929693,2026-06-03,Delivered,Dragonfly,Dragonfly | Flower | 28g | Nappa,10,80.00,800.00,COD,S. Lindqvist,New York
Indoor Treez Corp.,OCM-CAURD-24-000120,929693,2026-06-03,Delivered,Dragonfly,Dragonfly | 2.5g Preroll Multipack (0.5g) | Sutter,24,12.50,300.00,COD,A. Torres,New York
Indoor Treez Corp.,OCM-CAURD-24-000120,929693,2026-06-03,Delivered,Dragonfly,Dragonfly | 1.25g Infused Preroll | Apple Tart,49,5.00,245.00,Net 30,A. Torres,New York
Indoor Treez Corp.,OCM-CAURD-24-000120,929693,2026-06-03,Delivered,Dragonfly,Dragonfly | 1g Preroll (50ct) | Tahiti Lime,49,3.50,171.50,COD,A. Torres,New York
Indoor Treez Corp.,OCM-CAURD-24-000120,929693,2026-06-03,Delivered,Dragonfly,Dragonfly | Flower | 3.5g | Trop,24,12.00,288.00,Net 30,S. Lindqvist,New York
Indoor Treez Corp.,OCM-CAURD-24-000120,929693,2026-06-03,Delivered,Dragonfly,Dragonfly | Infused Multipack 10pk (1.25g) | Melon Gum,20,40.00,800.00,Net 15,S. Lindqvist,New York
Indoor Treez Corp.,OCM-CAURD-24-000120,929693,2026-06-03,Delivered,Dragonfly,Dragonfly | 1g Preroll (50ct) | GMO,49,3.50,171.50,Net 15,A. Torres,New York
Indoor Treez Corp.,OCM-CAURD-24-000120,929693,2026-06-03,Delivered,Dragonfly,Levitate | 100mg Live Resin Gummy (25ct) | Grape,25,7.50,187.50,COD,J. Brady,New York
Indoor Treez Corp.,OCM-CAURD-24-000120,929693,2026-06-03,Delivered,Dragonfly,Dragonfly | 1.25g Infused Preroll | Lychee Dream,49,5.00,245.00,Net 30,M. Okafor,New York
Indoor Treez Corp.,OCM-CAURD-24-000120,929693,2026-06-03,Delivered,Dragonfly,Dragonfly | Infused Multipack 10pk (1.25g) | Sugar Cookie,20,40.00,800.00,COD,J. Brady,New York
Indoor Treez Corp.,OCM-CAURD-24-000120,929693,2026-06-03,Delivered,Dragonfly,Dragonfly | 2.5g Preroll Multipack (0.5g) | Blue Nerds,24,12.50,300.00,Net 30,J. Brady,New York
Indoor Treez Corp.,OCM-CAURD-24-000120,929693,2026-06-03,Delivered,Dragonfly,Levitate | 100mg Live Resin Gummy (25ct) | Pineapple,25,7.50,187.50,COD,M. Okafor,New York
Indoor Treez Corp.,OCM-CAURD-24-000120,929693,2026-06-03,Delivered,Dragonfly,Dragonfly | Flower | 28g | Tahiti Lime,9,80.00,720.00,Net 30,S. Lindqvist,New York
Indoor Treez Corp.,OCM-CAURD-24-000120,929693,2026-06-03,Delivered,Dragonfly,Dragonfly | 1.25g Infused Preroll | Apple Fritter,49,5.00,245.00,COD,A. Torres,New York
The THC Shop Rosedale,OCM-RETL-24-000027,929677,2026-06-03,Delivered,Dragonfly,Dragonfly | 1g Preroll (50ct) | Zlushi,100,3.50,350.00,Net 30,S. Lindqvist,New York
The THC Shop Rosedale,OCM-RETL-24-000027,929677,2026-06-03,Delivered,Dragonfly,Dragonfly | 1g Preroll (50ct) | Sutter,50,3.50,175.00,Net 30,M. Okafor,New York
The THC Shop Rosedale,OCM-RETL-24-000027,929677,2026-06-03,Delivered,Dragonfly,Dragonfly | Flower | 3.5g | Trop,25,12.00,300.00,Net 30,A. Torres,New York
The THC Shop Rosedale,OCM-RETL-24-000027,929677,2026-06-03,Delivered,Dragonfly,Dragonfly | 1g Preroll (50ct) | Tahiti Lime,150,3.50,525.00,Net 30,S. Lindqvist,New York
The THC Shop Rosedale,OCM-RETL-24-000027,929677,2026-06-03,Delivered,Dragonfly,Dragonfly | 1g Preroll (50ct) | Blue Nerds,100,3.50,350.00,Net 15,M. Okafor,New York
The THC Shop Rosedale,OCM-RETL-24-000027,929677,2026-06-03,Delivered,Dragonfly,Dragonfly | 1g Preroll (50ct) | Berry White,100,3.50,350.00,Net 30,S. Lindqvist,New York
Silver Cannabis Company Lake George,OCM-RETL-24-000221,929552,2026-06-02,Delivered,Dragonfly,Dragonfly | Infused Multipack 10pk (1.25g) | Melon Gum,20,40.00,800.00,Net 30,S. Lindqvist,New York
Silver Cannabis Company Lake George,OCM-RETL-24-000221,929552,2026-06-02,Delivered,Dragonfly,Dragonfly | 100mg Gummy Clusters (25ct) | Blue Razz,25,6.00,150.00,Net 30,A. Torres,New York
Silver Cannabis Company Lake George,OCM-RETL-24-000221,929552,2026-06-02,Delivered,Dragonfly,Dragonfly | Infused Multipack 10pk (1.25g) | Strawberry Kiwi,20,40.00,800.00,Net 30,M. Okafor,New York
Silver Cannabis Company Lake George,OCM-RETL-24-000221,929552,2026-06-02,Delivered,Dragonfly,Dragonfly | 1.25g Infused Preroll | Apple Tart,50,5.00,250.00,Net 15,S. Lindqvist,New York
Silver Cannabis Company Lake George,OCM-RETL-24-000221,929552,2026-06-02,Delivered,Dragonfly,Dragonfly | 28g Preroll Multipack | Blue Dream,20,80.00,1600.00,Net 30,S. Lindqvist,New York
Silver Cannabis Company Lake George,OCM-RETL-24-000221,929552,2026-06-02,Delivered,Dragonfly,Dragonfly | 1g All-In-One Vape | Forbidden Fruit,25,15.00,375.00,Net 15,J. Brady,New York
Silver Cannabis Company Lake George,OCM-RETL-24-000221,929552,2026-06-02,Delivered,Dragonfly,Dragonfly | 1g All-In-One Vape | Electric Watermelon OG,25,15.00,375.00,Net 30,S. Lindqvist,New York
Silver Cannabis Company Lake George,OCM-RETL-24-000221,929552,2026-06-02,Delivered,Dragonfly,Dragonfly | 1.25g Infused Preroll | Lychee Dream,50,5.00,250.00,Net 15,M. Okafor,New York
Silver Cannabis Company Lake George,OCM-RETL-24-000221,929552,2026-06-02,Delivered,Dragonfly,Dragonfly | 2.5g Preroll Multipack (0.5g) | Pandora's Box,25,12.50,312.50,COD,A. Torres,New York
Silver Cannabis Company Lake George,OCM-RETL-24-000221,929552,2026-06-02,Delivered,Dragonfly,Dragonfly | 1.25g Infused Preroll | Melon Gum,50,5.00,250.00,Net 15,M. Okafor,New York
Silver Cannabis Company Lake George,OCM-RETL-24-000221,929552,2026-06-02,Delivered,Dragonfly,Dragonfly | 1g All-In-One Vape | Lychee Dream,25,15.00,375.00,Net 30,S. Lindqvist,New York
Silver Cannabis Company Lake George,OCM-RETL-24-000221,929552,2026-06-02,Delivered,Dragonfly,Dragonfly | 1g All-In-One Vape | Banana Bash,25,15.00,375.00,Net 30,S. Lindqvist,New York
Silver Cannabis Company Lake George,OCM-RETL-24-000221,929552,2026-06-02,Delivered,Dragonfly,Dragonfly | 1g All-In-One Vape | Tahiti Breeze,25,15.00,375.00,COD,M. Okafor,New York
Silver Cannabis Company Lake George,OCM-RETL-24-000221,929552,2026-06-02,Delivered,Dragonfly,Dragonfly | 100mg Gummy (25ct) | Grape,25,5.00,125.00,Net 30,A. Torres,New York
Silver Cannabis Company Saratoga Springs,OCM-RETL-24-000101,929538,2026-06-02,Delivered,Dragonfly,Dragonfly | 100mg Gummy (25ct) | Grape,25,5.00,125.00,Net 30,M. Okafor,New York
Silver Cannabis Company Saratoga Springs,OCM-RETL-24-000101,929538,2026-06-02,Delivered,Dragonfly,Dragonfly | 28g Preroll Multipack | Blue Dream,20,80.00,1600.00,Net 15,S. Lindqvist,New York
Silver Cannabis Company Saratoga Springs,OCM-RETL-24-000101,929538,2026-06-02,Delivered,Dragonfly,Dragonfly | 1g All-In-One Vape | Banana Bash,25,15.00,375.00,Net 30,M. Okafor,New York
Silver Cannabis Company Saratoga Springs,OCM-RETL-24-000101,929538,2026-06-02,Delivered,Dragonfly,Dragonfly | 1g All-In-One Vape | Electric Watermelon OG,25,15.00,375.00,Net 30,A. Torres,New York
Silver Cannabis Company Saratoga Springs,OCM-RETL-24-000101,929538,2026-06-02,Delivered,Dragonfly,Dragonfly | 1g All-In-One Vape | Forbidden Fruit,25,15.00,375.00,Net 30,J. Brady,New York
Silver Cannabis Company Saratoga Springs,OCM-RETL-24-000101,929538,2026-06-02,Delivered,Dragonfly,Dragonfly | 1.25g Infused Preroll | Lychee Dream,50,5.00,250.00,Net 30,A. Torres,New York
Silver Cannabis Company Saratoga Springs,OCM-RETL-24-000101,929538,2026-06-02,Delivered,Dragonfly,Dragonfly | 100mg Gummy Clusters (25ct) | Blue Razz,25,6.00,150.00,COD,A. Torres,New York
Silver Cannabis Company Saratoga Springs,OCM-RETL-24-000101,929538,2026-06-02,Delivered,Dragonfly,Dragonfly | 1g All-In-One Vape | Lychee Dream,25,15.00,375.00,Net 30,M. Okafor,New York
Silver Cannabis Company Saratoga Springs,OCM-RETL-24-000101,929538,2026-06-02,Delivered,Dragonfly,Dragonfly | 1.25g Infused Preroll | Melon Gum,50,5.00,250.00,COD,S. Lindqvist,New York
Silver Cannabis Company Saratoga Springs,OCM-RETL-24-000101,929538,2026-06-02,Delivered,Dragonfly,Dragonfly | 1.25g Infused Preroll | Apple Tart,50,5.00,250.00,Net 15,A. Torres,New York
Silver Cannabis Company Saratoga Springs,OCM-RETL-24-000101,929538,2026-06-02,Delivered,Dragonfly,Dragonfly | Infused Multipack 10pk (1.25g) | Strawberry Kiwi,20,40.00,800.00,Net 30,M. Okafor,New York
Silver Cannabis Company Saratoga Springs,OCM-RETL-24-000101,929538,2026-06-02,Delivered,Dragonfly,Dragonfly | 1g All-In-One Vape | Tahiti Breeze,25,15.00,375.00,COD,A. Torres,New York
Silver Cannabis Company Saratoga Springs,OCM-RETL-24-000101,929538,2026-06-02,Delivered,Dragonfly,Dragonfly | 2.5g Preroll Multipack (0.5g) | Pandora's Box,25,12.50,312.50,Net 15,M. Okafor,New York
Silver Cannabis Company Saratoga Springs,OCM-RETL-24-000101,929538,2026-06-02,Delivered,Dragonfly,Dragonfly | Infused Multipack 10pk (1.25g) | Melon Gum,20,40.00,800.00,Net 30,S. Lindqvist,New York
Flynnstoned Syracuse,OCM-CAURD-23-000010,929536,2026-06-02,Delivered,Dragonfly,Dragonfly | 1g Preroll (50ct) | Secret Weapon,50,3.50,175.00,Net 15,J. Brady,New York
Flynnstoned Syracuse,OCM-CAURD-23-000010,929536,2026-06-02,Delivered,Dragonfly,Dragonfly | 2.5g Preroll Multipack (0.5g) | Tahiti Lime,25,12.50,312.50,Net 30,S. Lindqvist,New York
Flynnstoned Syracuse,OCM-CAURD-23-000010,929536,2026-06-02,Delivered,Dragonfly,Dragonfly | 2.5g Preroll Multipack (0.5g) | Blue Nerds,25,12.50,312.50,Net 15,S. Lindqvist,New York
Flynnstoned Syracuse,OCM-CAURD-23-000010,929536,2026-06-02,Delivered,Dragonfly,Dragonfly | 1g Preroll (50ct) | Blue Nerds,50,3.50,175.00,Net 30,M. Okafor,New York
Flynnstoned Syracuse,OCM-CAURD-23-000010,929536,2026-06-02,Delivered,Dragonfly,Dragonfly | 1g Preroll (50ct) | Sutter,50,3.50,175.00,Net 30,J. Brady,New York
Flynnstoned Syracuse,OCM-CAURD-23-000010,929536,2026-06-02,Delivered,Dragonfly,Dragonfly | 2.5g Preroll Multipack (0.5g) | Pandora's Box,25,12.50,312.50,Net 15,S. Lindqvist,New York
Flynnstoned Syracuse,OCM-CAURD-23-000010,929536,2026-06-02,Delivered,Dragonfly,Dragonfly | 1g Preroll (50ct) | Tahiti Lime,50,3.50,175.00,Net 30,S. Lindqvist,New York
Flynnstoned Syracuse,OCM-CAURD-23-000010,929536,2026-06-02,Delivered,Dragonfly,Dragonfly | 2.5g Preroll Multipack (0.5g) | Sutter,25,12.50,312.50,Net 30,A. Torres,New York
Flynnstoned Syracuse,OCM-CAURD-23-000010,929536,2026-06-02,Delivered,Dragonfly,Dragonfly | 1g Preroll (50ct) | Zlushi,50,3.50,175.00,COD,S. Lindqvist,New York
Elevation Headquarters,OCM-CAURD-24-000205,929444,2026-06-02,Delivered,Dragonfly,Dragonfly | 1g Vape Cart (50ct) | Blackberry Kush,25,12.50,312.50,COD,S. Lindqvist,New York
Elevation Headquarters,OCM-CAURD-24-000205,929444,2026-06-02,Delivered,Dragonfly,Dragonfly | 1g All-In-One Vape | Strawberry Kiwi,25,15.00,375.00,COD,A. Torres,New York
Elevation Headquarters,OCM-CAURD-24-000205,929444,2026-06-02,Delivered,Dragonfly,Dragonfly | 1g Vape Cart (50ct) | Orange Creamsicle,25,12.50,312.50,COD,S. Lindqvist,New York
Elevation Headquarters,OCM-CAURD-24-000205,929444,2026-06-02,Delivered,Dragonfly,Dragonfly | 1g All-In-One Vape | Watermelon Skittlez,25,15.00,375.00,Net 30,M. Okafor,New York
Elevation Headquarters,OCM-CAURD-24-000205,929444,2026-06-02,Delivered,Dragonfly,Dragonfly | 1g Vape Cart (50ct) | Strawberry Cough,25,12.50,312.50,Net 30,M. Okafor,New York
Elevation Headquarters,OCM-CAURD-24-000205,929444,2026-06-02,Delivered,Dragonfly,Dragonfly | 1g All-In-One Vape | Banana Bash,25,15.00,375.00,Net 30,M. Okafor,New York
Elevation Headquarters,OCM-CAURD-24-000205,929444,2026-06-02,Delivered,Dragonfly,Dragonfly | 1g All-In-One Vape | Mystery OG,25,15.00,375.00,Net 30,S. Lindqvist,New York
Elevation Headquarters,OCM-CAURD-24-000205,929444,2026-06-02,Delivered,Dragonfly,Dragonfly | 1g All-In-One Vape | Tahiti Breeze,25,15.00,375.00,Net 30,M. Okafor,New York
Elevation Headquarters,OCM-CAURD-24-000205,929444,2026-06-02,Delivered,Dragonfly,Dragonfly | 1g All-In-One Vape | Lychee Dream,25,15.00,375.00,Net 30,A. Torres,New York
Elevation Headquarters,OCM-CAURD-24-000205,929444,2026-06-02,Delivered,Dragonfly,Dragonfly | 1g Vape Cart (50ct) | Unicorn Piss,25,12.50,312.50,COD,M. Okafor,New York
Elevation Headquarters,OCM-CAURD-24-000205,929444,2026-06-02,Delivered,Dragonfly,Dragonfly | Flower | 3.5g | Trop,25,12.00,300.00,Net 30,A. Torres,New York
Elevation Headquarters,OCM-CAURD-24-000205,929444,2026-06-02,Delivered,Dragonfly,Dragonfly | 1g Vape Cart (50ct) | Forbidden Fruit,25,12.50,312.50,Net 30,S. Lindqvist,New York
Electric City Cannabis Co LLC,OCM-RETL-24-000130,929401,2026-06-02,Delivered,Dragonfly,Dragonfly | 1g All-In-One Vape | Electric Watermelon OG,25,15.00,375.00,Net 30,M. Okafor,New York
Electric City Cannabis Co LLC,OCM-RETL-24-000130,929401,2026-06-02,Delivered,Dragonfly,Dragonfly | 2.5g Preroll Multipack (0.5g) | Pandora's Box,25,12.50,312.50,Net 30,M. Okafor,New York
Electric City Cannabis Co LLC,OCM-RETL-24-000130,929401,2026-06-02,Delivered,Dragonfly,Dragonfly | 1g Preroll (50ct) | Tahiti Lime,100,3.50,350.00,Net 15,M. Okafor,New York
Electric City Cannabis Co LLC,OCM-RETL-24-000130,929401,2026-06-02,Delivered,Dragonfly,Dragonfly | 1g Preroll (50ct) | Sutter,100,3.50,350.00,Net 15,A. Torres,New York
Electric City Cannabis Co LLC,OCM-RETL-24-000130,929401,2026-06-02,Delivered,Dragonfly,Dragonfly | 2.5g Preroll Multipack (0.5g) | Berry White,25,12.50,312.50,COD,M. Okafor,New York
Electric City Cannabis Co LLC,OCM-RETL-24-000130,929401,2026-06-02,Delivered,Dragonfly,Dragonfly | 1g Vape Cart (50ct) | Blackberry Kush,50,12.50,625.00,COD,S. Lindqvist,New York
Electric City Cannabis Co LLC,OCM-RETL-24-000130,929401,2026-06-02,Delivered,Dragonfly,Dragonfly | 1g Vape Cart (50ct) | Unicorn Piss,50,12.50,625.00,Net 30,M. Okafor,New York
The Herb Cave,OCM-RETL-24-000208,929386,2026-06-02,Delivered,Dragonfly,Dragonfly | 2.5g Preroll Multipack (0.5g) | Tahiti Lime,25,12.50,312.50,Net 30,M. Okafor,New York
The Herb Cave,OCM-RETL-24-000208,929386,2026-06-02,Delivered,Dragonfly,Dragonfly | 1g Preroll (50ct) | Berry White,50,3.50,175.00,Net 15,J. Brady,New York
The Herb Cave,OCM-RETL-24-000208,929386,2026-06-02,Delivered,Dragonfly,Dragonfly | 1.25g Infused Preroll | Melon Gum,100,5.00,500.00,Net 30,A. Torres,New York
The Herb Cave,OCM-RETL-24-000208,929386,2026-06-02,Delivered,Dragonfly,Dragonfly | 1.25g Infused Preroll | Sugar Cookie,50,5.00,250.00,Net 15,S. Lindqvist,New York
The Herb Cave,OCM-RETL-24-000208,929386,2026-06-02,Delivered,Dragonfly,Dragonfly | 1g Vape Cart (50ct) | Blackberry Kush,100,12.50,1250.00,Net 15,S. Lindqvist,New York
The Herb Cave,OCM-RETL-24-000208,929386,2026-06-02,Delivered,Dragonfly,Dragonfly | 1g Preroll (50ct) | Blue Nerds,50,3.50,175.00,Net 30,M. Okafor,New York
The Herb Cave,OCM-RETL-24-000208,929386,2026-06-02,Delivered,Dragonfly,Dragonfly | Flower | 3.5g | Trop,50,12.00,600.00,Net 30,M. Okafor,New York
The Herb Cave,OCM-RETL-24-000208,929386,2026-06-02,Delivered,Dragonfly,Dragonfly | 1.25g Infused Preroll | Lychee Dream,100,5.00,500.00,Net 30,J. Brady,New York
The Herb Cave,OCM-RETL-24-000208,929386,2026-06-02,Delivered,Dragonfly,Dragonfly | 1g Vape Cart (50ct) | Forbidden Fruit,100,12.50,1250.00,Net 15,M. Okafor,New York
The Herb Cave,OCM-RETL-24-000208,929386,2026-06-02,Delivered,Dragonfly,Dragonfly | 1g All-In-One Vape | Tahiti Breeze,50,15.00,750.00,Net 15,A. Torres,New York
The Herb Cave,OCM-RETL-24-000208,929386,2026-06-02,Delivered,Dragonfly,Dragonfly | 1g All-In-One Vape | Banana Bash,50,15.00,750.00,Net 30,J. Brady,New York
The Herb Cave,OCM-RETL-24-000208,929386,2026-06-02,Delivered,Dragonfly,Dragonfly | 1g Preroll (50ct) | Tahiti Lime,100,3.50,350.00,Net 15,J. Brady,New York
The Herb Cave,OCM-RETL-24-000208,929386,2026-06-02,Delivered,Dragonfly,Dragonfly | Flower | 28g | Nappa,10,80.00,800.00,Net 30,J. Brady,New York
The Herb Cave,OCM-RETL-24-000208,929386,2026-06-02,Delivered,Dragonfly,Dragonfly | 2.5g Preroll Multipack (0.5g) | Sutter,25,12.50,312.50,COD,M. Okafor,New York
The Herb Cave,OCM-RETL-24-000208,929386,2026-06-02,Delivered,Dragonfly,Dragonfly | Flower | 28g | Blue Dream,10,80.00,800.00,Net 30,A. Torres,New York
The Herb Cave,OCM-RETL-24-000208,929386,2026-06-02,Delivered,Dragonfly,Dragonfly | 1g Vape Cart (50ct) | Unicorn Piss,150,12.50,1875.00,Net 30,M. Okafor,New York
The Herb Cave,OCM-RETL-24-000208,929386,2026-06-02,Delivered,Dragonfly,Dragonfly | 2.5g Preroll Multipack (0.5g) | Pandora's Box,25,12.50,312.50,Net 15,S. Lindqvist,New York
Ganja Palace Dispensary,OCM-RETL-24-000089,929358,2026-06-02,Delivered,Dragonfly,Dragonfly | 1.25g Infused Preroll | Passion Orange Guava,50,5.00,250.00,Net 30,S. Lindqvist,New York
Ganja Palace Dispensary,OCM-RETL-24-000089,929358,2026-06-02,Delivered,Dragonfly,Dragonfly | 1g Vape Cart (50ct) | Unicorn Piss,50,12.50,625.00,Net 30,J. Brady,New York
Ganja Palace Dispensary,OCM-RETL-24-000089,929358,2026-06-02,Delivered,Dragonfly,Dragonfly | Flower | 3.5g | Trop,75,12.00,900.00,Net 30,A. Torres,New York
Ganja Palace Dispensary,OCM-RETL-24-000089,929358,2026-06-02,Delivered,Dragonfly,Dragonfly | 1g Preroll (50ct) | Tahiti Lime,100,3.50,350.00,Net 30,S. Lindqvist,New York
Herbwell Bronx,OCM-RETL-24-000154,929147,2026-06-01,Delivered,Dragonfly,Dragonfly | 1g All-In-One Vape | Banana Bash,25,15.00,375.00,COD,S. Lindqvist,New York
Herbwell Bronx,OCM-RETL-24-000154,929147,2026-06-01,Delivered,Dragonfly,Dragonfly | 100mg Gummy Clusters (25ct) | Blue Razz,25,6.00,150.00,Net 15,A. Torres,New York
Herbwell Bronx,OCM-RETL-24-000154,929147,2026-06-01,Delivered,Dragonfly,Dragonfly | 1.25g Infused Preroll | Mango Tango,50,5.00,250.00,Net 15,A. Torres,New York
Herbwell Bronx,OCM-RETL-24-000154,929147,2026-06-01,Delivered,Dragonfly,Dragonfly | 100mg Gummy Clusters (25ct) | Strawberry,25,6.00,150.00,COD,S. Lindqvist,New York
Herbwell Bronx,OCM-RETL-24-000154,929147,2026-06-01,Delivered,Dragonfly,Dragonfly | 1g Vape Cart (50ct) | Lemon Drop,50,12.50,625.00,Net 15,J. Brady,New York
Herbwell Bronx,OCM-RETL-24-000154,929147,2026-06-01,Delivered,Dragonfly,Dragonfly | 100mg Gummy (25ct) | Grape,25,5.00,125.00,Net 30,A. Torres,New York
Herbwell Bronx,OCM-RETL-24-000154,929147,2026-06-01,Delivered,Dragonfly,Dragonfly | 1g Vape Cart (50ct) | Strawberry Cough,50,12.50,625.00,COD,M. Okafor,New York
Herbwell Bronx,OCM-RETL-24-000154,929147,2026-06-01,Delivered,Dragonfly,Dragonfly | 1g All-In-One Vape | Lychee Dream,25,15.00,375.00,Net 30,S. Lindqvist,New York
Herbwell Bronx,OCM-RETL-24-000154,929147,2026-06-01,Delivered,Dragonfly,Dragonfly | Flower | 3.5g | Trop,25,12.00,300.00,Net 30,S. Lindqvist,New York
Herbwell Manhattan,OCM-RETL-24-000260,929143,2026-06-01,Delivered,Dragonfly,Dragonfly | 1.25g Infused Preroll | Strawberry Cream Cake,50,5.00,250.00,Net 15,S. Lindqvist,New York
Herbwell Manhattan,OCM-RETL-24-000260,929143,2026-06-01,Delivered,Dragonfly,Dragonfly | 1g All-In-One Vape | Lychee Dream,25,15.00,375.00,Net 15,M. Okafor,New York
Herbwell Manhattan,OCM-RETL-24-000260,929143,2026-06-01,Delivered,Dragonfly,Dragonfly | 1.25g Infused Preroll | Mango Tango,50,5.00,250.00,Net 15,J. Brady,New York
Herbwell Manhattan,OCM-RETL-24-000260,929143,2026-06-01,Delivered,Dragonfly,Dragonfly | 1g All-In-One Vape | Banana Bash,25,15.00,375.00,Net 30,A. Torres,New York
Herbwell Manhattan,OCM-RETL-24-000260,929143,2026-06-01,Delivered,Dragonfly,Dragonfly | 1g Vape Cart (50ct) | Lemon Drop,50,12.50,625.00,Net 15,A. Torres,New York
Cannabicity Albany,OCM-CAURD-25-000313,929136,2026-06-01,Delivered,Dragonfly,Dragonfly | 1g All-In-One Vape | Strawberry Kiwi,25,15.00,375.00,Net 30,M. Okafor,New York
Cannabicity Albany,OCM-CAURD-25-000313,929136,2026-06-01,Delivered,Dragonfly,Dragonfly | 1g All-In-One Vape | Mystery OG,25,15.00,375.00,Net 30,S. Lindqvist,New York
Cannabicity Albany,OCM-CAURD-25-000313,929136,2026-06-01,Delivered,Dragonfly,Dragonfly | 1g Preroll (50ct) | Tahiti Lime,100,3.50,350.00,Net 30,S. Lindqvist,New York
Cannabicity Albany,OCM-CAURD-25-000313,929136,2026-06-01,Delivered,Dragonfly,Dragonfly | 1g All-In-One Vape | Banana Bash,25,15.00,375.00,Net 30,M. Okafor,New York
Cannabicity Albany,OCM-CAURD-25-000313,929136,2026-06-01,Delivered,Dragonfly,Dragonfly | 1g All-In-One Vape | Watermelon Skittlez,25,15.00,375.00,COD,J. Brady,New York
Cannabicity Albany,OCM-CAURD-25-000313,929136,2026-06-01,Delivered,Dragonfly,Dragonfly | 1g Preroll (50ct) | Sutter,100,3.50,350.00,Net 30,J. Brady,New York
Cannabicity Schenectady,OCM-RETL-24-000239,929134,2026-06-01,Delivered,Dragonfly,Dragonfly | 1.25g Infused Preroll | Passion Orange Guava,50,5.00,250.00,Net 30,S. Lindqvist,New York
Cannabicity Schenectady,OCM-RETL-24-000239,929134,2026-06-01,Delivered,Dragonfly,Dragonfly | 1.25g Infused Preroll | Sugar Cookie,100,5.00,500.00,Net 15,J. Brady,New York
Cannabicity Schenectady,OCM-RETL-24-000239,929134,2026-06-01,Delivered,Dragonfly,Dragonfly | 1g Preroll (50ct) | Tahiti Lime,250,3.50,875.00,Net 15,A. Torres,New York
Cannabicity Schenectady,OCM-RETL-24-000239,929134,2026-06-01,Delivered,Dragonfly,Dragonfly | 1g Preroll (50ct) | Sutter,250,3.50,875.00,COD,M. Okafor,New York
Cannabicity Schenectady,OCM-RETL-24-000239,929134,2026-06-01,Delivered,Dragonfly,Dragonfly | 1g All-In-One Vape | Watermelon Skittlez,25,15.00,375.00,Net 30,M. Okafor,New York
Cannabicity Schenectady,OCM-RETL-24-000239,929134,2026-06-01,Delivered,Dragonfly,Dragonfly | 1g All-In-One Vape | Lychee Dream,25,15.00,375.00,COD,M. Okafor,New York
Cannabicity Schenectady,OCM-RETL-24-000239,929134,2026-06-01,Delivered,Dragonfly,Dragonfly | 1g All-In-One Vape | Double Bubble OG,25,15.00,375.00,COD,J. Brady,New York
Cannabicity Schenectady,OCM-RETL-24-000239,929134,2026-06-01,Delivered,Dragonfly,Dragonfly | 1g All-In-One Vape | Mystery OG,25,15.00,375.00,Net 30,J. Brady,New York
NYC Bud Long Island City,OCM-CAURD-24-000060,929130,2026-06-01,Delivered,Dragonfly,Dragonfly | Flower | 28g | Blue Nerds,10,80.00,800.00,Net 15,S. Lindqvist,New York
NYC Bud Long Island City,OCM-CAURD-24-000060,929130,2026-06-01,Delivered,Dragonfly,Dragonfly | 1g All-In-One Vape | Watermelon Skittlez,25,15.00,375.00,Net 30,S. Lindqvist,New York
NYC Bud Long Island City,OCM-CAURD-24-000060,929130,2026-06-01,Delivered,Dragonfly,Dragonfly | 100mg Gummy Clusters (25ct) | Blue Razz,25,6.00,150.00,Net 30,A. Torres,New York
NYC Bud Long Island City,OCM-CAURD-24-000060,929130,2026-06-01,Delivered,Dragonfly,Dragonfly | 100mg Gummy Clusters (25ct) | Strawberry,50,6.00,300.00,COD,M. Okafor,New York
NYC Bud Long Island City,OCM-CAURD-24-000060,929130,2026-06-01,Delivered,Dragonfly,Naka | Flower | 3.5g | Zlushi,25,20.00,500.00,COD,A. Torres,New York
NYC Bud Long Island City,OCM-CAURD-24-000060,929130,2026-06-01,Delivered,Dragonfly,Dragonfly | 1.25g Infused Preroll | Lychee Dream,50,5.00,250.00,Net 15,S. Lindqvist,New York
NYC Bud Long Island City,OCM-CAURD-24-000060,929130,2026-06-01,Delivered,Dragonfly,Dragonfly | 1g Preroll (50ct) | Sutter,50,3.50,175.00,Net 30,A. Torres,New York
NYC Bud Long Island City,OCM-CAURD-24-000060,929130,2026-06-01,Delivered,Dragonfly,Dragonfly | 1g Preroll (50ct) | Tahiti Lime,50,3.50,175.00,Net 30,J. Brady,New York
NYC Bud Long Island City,OCM-CAURD-24-000060,929130,2026-06-01,Delivered,Dragonfly,Dragonfly | Flower | 3.5g | Trop,25,12.00,300.00,Net 15,M. Okafor,New York
NYC Bud Long Island City,OCM-CAURD-24-000060,929130,2026-06-01,Delivered,Dragonfly,Dragonfly | 100mg Gummy Clusters (25ct) | Pineapple,25,6.00,150.00,Net 15,S. Lindqvist,New York
NYC Bud Long Island City,OCM-CAURD-24-000060,929130,2026-06-01,Delivered,Dragonfly,Dragonfly | 100mg Gummy Clusters (25ct) | Green Apple,25,6.00,150.00,Net 30,J. Brady,New York
NYC Bud Long Island City,OCM-CAURD-24-000060,929130,2026-06-01,Delivered,Dragonfly,Dragonfly | 1g All-In-One Vape | Tahiti Breeze,25,15.00,375.00,Net 30,J. Brady,New York
NYC Bud Long Island City,OCM-CAURD-24-000060,929130,2026-06-01,Delivered,Dragonfly,Dragonfly | 1g All-In-One Vape | Banana Bash,25,15.00,375.00,Net 30,M. Okafor,New York
The Cannabis Place,OCM-CAURD-24-000080,929119,2026-06-01,Delivered,Dragonfly,Dragonfly | 1.25g Infused Preroll | Watermelon Skittlez,50,5.00,250.00,COD,J. Brady,New York
The Cannabis Place,OCM-CAURD-24-000080,929119,2026-06-01,Delivered,Dragonfly,Dragonfly | 100mg Gummy Clusters (25ct) | Blue Razz,50,6.00,300.00,Net 30,J. Brady,New York
The Cannabis Place,OCM-CAURD-24-000080,929119,2026-06-01,Delivered,Dragonfly,Dragonfly | 100mg Gummy Clusters (25ct) | Pineapple,50,6.00,300.00,Net 30,S. Lindqvist,New York
The Cannabis Place,OCM-CAURD-24-000080,929119,2026-06-01,Delivered,Dragonfly,Dragonfly | 1.25g Infused Preroll | Apple Fritter,50,5.00,250.00,Net 15,M. Okafor,New York
The Cannabis Place,OCM-CAURD-24-000080,929119,2026-06-01,Delivered,Dragonfly,Dragonfly | 1.25g Infused Preroll | Blue Razz,50,5.00,250.00,Net 15,A. Torres,New York
The Cannabis Place,OCM-CAURD-24-000080,929119,2026-06-01,Delivered,Dragonfly,Dragonfly | 1.25g Infused Preroll | Forbidden Fruit,50,5.00,250.00,Net 30,J. Brady,New York
The Cannabis Place,OCM-CAURD-24-000080,929119,2026-06-01,Delivered,Dragonfly,Dragonfly | 1g Preroll (50ct) | Blue Nerds,50,3.50,175.00,COD,J. Brady,New York
The Cannabis Place,OCM-CAURD-24-000080,929119,2026-06-01,Delivered,Dragonfly,Dragonfly | 1.25g Infused Preroll | Lemon Cherry,50,5.00,250.00,Net 30,M. Okafor,New York
The Cannabis Place,OCM-CAURD-24-000080,929119,2026-06-01,Delivered,Dragonfly,Dragonfly | 1.25g Infused Preroll | Blackberry Sherbet,50,5.00,250.00,Net 30,J. Brady,New York
The Cannabis Place,OCM-CAURD-24-000080,929119,2026-06-01,Delivered,Dragonfly,Dragonfly | 100mg Gummy Clusters (25ct) | Green Apple,50,6.00,300.00,Net 30,M. Okafor,New York
The Cannabis Place,OCM-CAURD-24-000080,929119,2026-06-01,Delivered,Dragonfly,Dragonfly | 1.25g Infused Preroll | Mango Tango,50,5.00,250.00,Net 30,M. Okafor,New York
The Cannabis Place,OCM-CAURD-24-000080,929119,2026-06-01,Delivered,Dragonfly,Dragonfly | 1.25g Infused Preroll | Strawberry Cough,50,5.00,250.00,Net 15,S. Lindqvist,New York
The Cannabis Place,OCM-CAURD-24-000080,929119,2026-06-01,Delivered,Dragonfly,Dragonfly | 100mg Gummy Clusters (25ct) | Strawberry,50,6.00,300.00,COD,S. Lindqvist,New York
The Cannabis Place,OCM-CAURD-24-000080,929119,2026-06-01,Delivered,Dragonfly,Dragonfly | 14g Preroll Multipack | HDG,20,44.00,880.00,Net 30,M. Okafor,New York
The Cannabis Place,OCM-CAURD-24-000080,929119,2026-06-01,Delivered,Dragonfly,Dragonfly | 14g Preroll Multipack | Frost,40,44.00,1760.00,Net 15,A. Torres,New York
3rd Rock Cannabis,OCM-RETL-24-000209,928993,2026-05-30,Delivered,Dragonfly,Dragonfly | 1.25g Infused Preroll | Melon Gum,100,5.00,500.00,COD,J. Brady,New York
3rd Rock Cannabis,OCM-RETL-24-000209,928993,2026-05-30,Delivered,Dragonfly,Dragonfly | 1.25g Infused Preroll | Strawberry Cough,150,5.00,750.00,COD,S. Lindqvist,New York
3rd Rock Cannabis,OCM-RETL-24-000209,928993,2026-05-30,Delivered,Dragonfly,Dragonfly | 1.25g Infused Preroll | Blue Razz,50,5.00,250.00,Net 30,A. Torres,New York
3rd Rock Cannabis,OCM-RETL-24-000209,928993,2026-05-30,Delivered,Dragonfly,Dragonfly | 1.25g Infused Preroll | Apple Tart,50,5.00,250.00,Net 15,S. Lindqvist,New York
3rd Rock Cannabis,OCM-RETL-24-000209,928993,2026-05-30,Delivered,Dragonfly,Dragonfly | 1.25g Infused Preroll | Watermelon Skittlez,50,5.00,250.00,COD,S. Lindqvist,New York
BX Buddiez,OCM-CAURD-25-000297,928991,2026-05-30,Delivered,Dragonfly,Dragonfly | Infused Multipack 10pk (1.25g) | S'mores,10,40.00,400.00,Net 30,S. Lindqvist,New York
BX Buddiez,OCM-CAURD-25-000297,928991,2026-05-30,Delivered,Dragonfly,Dragonfly | 100mg Gummy Clusters (25ct) | Strawberry,25,6.00,150.00,Net 15,J. Brady,New York
BX Buddiez,OCM-CAURD-25-000297,928991,2026-05-30,Delivered,Dragonfly,Dragonfly | Flower | 28g | Blue Dream,10,80.00,800.00,Net 15,S. Lindqvist,New York
BX Buddiez,OCM-CAURD-25-000297,928991,2026-05-30,Delivered,Dragonfly,Dragonfly | 2.5g Preroll Multipack (0.5g) | Pandora's Box,25,12.50,312.50,Net 30,S. Lindqvist,New York
BX Buddiez,OCM-CAURD-25-000297,928991,2026-05-30,Delivered,Dragonfly,Dragonfly | 2.5g Preroll Multipack (0.5g) | Sutter,25,12.50,312.50,Net 30,M. Okafor,New York
BX Buddiez,OCM-CAURD-25-000297,928991,2026-05-30,Delivered,Dragonfly,Dragonfly | 1.25g Infused Preroll | Lychee Dream,100,5.00,500.00,COD,J. Brady,New York
BX Buddiez,OCM-CAURD-25-000297,928991,2026-05-30,Delivered,Dragonfly,Dragonfly | 2.5g Preroll Multipack (0.5g) | Tahiti Lime,25,12.50,312.50,Net 30,J. Brady,New York
BX Buddiez,OCM-CAURD-25-000297,928991,2026-05-30,Delivered,Dragonfly,Dragonfly | 1g Preroll (50ct) | Zlushi,50,3.50,175.00,Net 30,A. Torres,New York
BX Buddiez,OCM-CAURD-25-000297,928991,2026-05-30,Delivered,Dragonfly,Dragonfly | Infused Multipack 10pk (1.25g) | Strawberry Kiwi,10,40.00,400.00,COD,M. Okafor,New York
BX Buddiez,OCM-CAURD-25-000297,928991,2026-05-30,Delivered,Dragonfly,Dragonfly | 1g Preroll (50ct) | Tahiti Lime,50,3.50,175.00,Net 15,S. Lindqvist,New York
BX Buddiez,OCM-CAURD-25-000297,928991,2026-05-30,Delivered,Dragonfly,Dragonfly | 1.25g Infused Preroll | Mango Tango,50,5.00,250.00,COD,S. Lindqvist,New York
BX Buddiez,OCM-CAURD-25-000297,928991,2026-05-30,Delivered,Dragonfly,Dragonfly | 28g Preroll Multipack | Pandora's Box,10,80.00,800.00,COD,A. Torres,New York
BX Buddiez,OCM-CAURD-25-000297,928991,2026-05-30,Delivered,Dragonfly,Dragonfly | 1.25g Infused Preroll | Forbidden Fruit,50,5.00,250.00,COD,J. Brady,New York
BX Buddiez,OCM-CAURD-25-000297,928991,2026-05-30,Delivered,Dragonfly,Naka | Flower | 3.5g | Zlushi,25,20.00,500.00,Net 30,J. Brady,New York
BX Buddiez,OCM-CAURD-25-000297,928991,2026-05-30,Delivered,Dragonfly,Dragonfly | Infused Multipack 10pk (1.25g) | Melon Gum,10,40.00,400.00,Net 30,A. Torres,New York
BX Buddiez,OCM-CAURD-25-000297,928991,2026-05-30,Delivered,Dragonfly,Dragonfly | 1.25g Infused Preroll | Lemon Cherry,50,5.00,250.00,Net 15,S. Lindqvist,New York
BX Buddiez,OCM-CAURD-25-000297,928991,2026-05-30,Delivered,Dragonfly,Dragonfly | Infused Multipack 10pk (1.25g) | Sugar Cookie,10,40.00,400.00,COD,A. Torres,New York
BX Buddiez,OCM-CAURD-25-000297,928991,2026-05-30,Delivered,Dragonfly,Dragonfly | 1g Preroll (50ct) | Blue Nerds,50,3.50,175.00,Net 30,A. Torres,New York
BX Buddiez,OCM-CAURD-25-000297,928991,2026-05-30,Delivered,Dragonfly,Dragonfly | 1.25g Infused Preroll | Blue Razz,100,5.00,500.00,COD,J. Brady,New York
BX Buddiez,OCM-CAURD-25-000297,928991,2026-05-30,Delivered,Dragonfly,Dragonfly | Flower | 3.5g | Trop,25,12.00,300.00,Net 30,J. Brady,New York
BX Buddiez,OCM-CAURD-25-000297,928991,2026-05-30,Delivered,Dragonfly,Dragonfly | 1.25g Infused Preroll | Watermelon Skittlez,50,5.00,250.00,Net 15,A. Torres,New York
BX Buddiez,OCM-CAURD-25-000297,928991,2026-05-30,Delivered,Dragonfly,Dragonfly | 100mg Gummy Clusters (25ct) | Blue Razz,25,6.00,150.00,Net 30,A. Torres,New York
BX Buddiez,OCM-CAURD-25-000297,928991,2026-05-30,Delivered,Dragonfly,Dragonfly | 1.25g Infused Preroll | Melon Gum,50,5.00,250.00,Net 30,S. Lindqvist,New York
Long Island Cannabis Club,OCM-CAURD-23-000012,928909,2026-05-29,Delivered,Dragonfly,Dragonfly | 1g Preroll (50ct) | Zlushi,50,3.50,175.00,Net 30,J. Brady,New York
Long Island Cannabis Club,OCM-CAURD-23-000012,928909,2026-05-29,Delivered,Dragonfly,Dragonfly | Flower | 3.5g | Dulce De Uva,20,12.00,240.00,Net 30,J. Brady,New York
Long Island Cannabis Club,OCM-CAURD-23-000012,928909,2026-05-29,Delivered,Dragonfly,Dragonfly | 1g Preroll (50ct) | Tahiti Lime,50,3.50,175.00,Net 30,S. Lindqvist,New York
Long Island Cannabis Club,OCM-CAURD-23-000012,928909,2026-05-29,Delivered,Dragonfly,Dragonfly | 1.25g Infused Preroll | Apple Tart,50,5.00,250.00,Net 15,S. Lindqvist,New York
Long Island Cannabis Club,OCM-CAURD-23-000012,928909,2026-05-29,Delivered,Dragonfly,Dragonfly | 1g Preroll (50ct) | Berry White,50,3.50,175.00,Net 30,A. Torres,New York
Long Island Cannabis Club,OCM-CAURD-23-000012,928909,2026-05-29,Delivered,Dragonfly,Dragonfly | 1.25g Infused Preroll | Melon Gum,50,5.00,250.00,COD,A. Torres,New York
Long Island Cannabis Club,OCM-CAURD-23-000012,928909,2026-05-29,Delivered,Dragonfly,Dragonfly | 1g Preroll (50ct) | Blue Nerds,50,3.50,175.00,Net 30,A. Torres,New York
Long Island Cannabis Club,OCM-CAURD-23-000012,928909,2026-05-29,Delivered,Dragonfly,Dragonfly | 1.25g Infused Preroll | Watermelon Skittlez,50,5.00,250.00,COD,J. Brady,New York
Long Island Cannabis Club,OCM-CAURD-23-000012,928909,2026-05-29,Delivered,Dragonfly,Dragonfly | 1.25g Infused Preroll | Blackberry Sherbet,50,5.00,250.00,COD,S. Lindqvist,New York
Long Island Cannabis Club,OCM-CAURD-23-000012,928909,2026-05-29,Delivered,Dragonfly,Dragonfly | 1.25g Infused Preroll | Lychee Dream,50,5.00,250.00,Net 15,M. Okafor,New York
Long Island Cannabis Club,OCM-CAURD-23-000012,928909,2026-05-29,Delivered,Dragonfly,Dragonfly | 1.25g Infused Preroll | Passion Orange Guava,50,5.00,250.00,Net 30,M. Okafor,New York
Long Island Cannabis Club,OCM-CAURD-23-000012,928909,2026-05-29,Delivered,Dragonfly,Dragonfly | Flower | 3.5g | Trop,25,12.00,300.00,Net 15,S. Lindqvist,New York
Long Island Cannabis Club,OCM-CAURD-23-000012,928909,2026-05-29,Delivered,Dragonfly,Dragonfly | 1g Preroll (50ct) | Sutter,50,3.50,175.00,Net 15,S. Lindqvist,New York
Long Island Cannabis Club,OCM-CAURD-23-000012,928909,2026-05-29,Delivered,Dragonfly,Dragonfly | 1g Preroll (50ct) | GMO,50,3.50,175.00,COD,M. Okafor,New York
BESTBUDZ,OCM-RETL-25-000290,928883,2026-05-29,Delivered,Dragonfly,Dragonfly | 1g Vape Cart (50ct) | Unicorn Piss,50,12.50,625.00,COD,S. Lindqvist,New York
BESTBUDZ,OCM-RETL-25-000290,928883,2026-05-29,Delivered,Dragonfly,Dragonfly | 1g All-In-One Vape | Lychee Dream,25,15.00,375.00,Net 15,S. Lindqvist,New York
BESTBUDZ,OCM-RETL-25-000290,928883,2026-05-29,Delivered,Dragonfly,Dragonfly | 1g Vape Cart (50ct) | Strawberry Cough,50,12.50,625.00,Net 30,M. Okafor,New York
BESTBUDZ,OCM-RETL-25-000290,928883,2026-05-29,Delivered,Dragonfly,Dragonfly | 1g Vape Cart (50ct) | Lemon Drop,50,12.50,625.00,COD,S. Lindqvist,New York
BESTBUDZ,OCM-RETL-25-000290,928883,2026-05-29,Delivered,Dragonfly,Dragonfly | 1g Vape Cart (50ct) | Blackberry Kush,50,12.50,625.00,Net 30,M. Okafor,New York
BESTBUDZ,OCM-RETL-25-000290,928883,2026-05-29,Delivered,Dragonfly,Dragonfly | 100mg Gummy Clusters (25ct) | Strawberry,25,6.00,150.00,Net 30,M. Okafor,New York
BESTBUDZ,OCM-RETL-25-000290,928883,2026-05-29,Delivered,Dragonfly,Dragonfly | 1g Preroll (50ct) | Sutter,50,3.50,175.00,Net 30,M. Okafor,New York
BESTBUDZ,OCM-RETL-25-000290,928883,2026-05-29,Delivered,Dragonfly,Dragonfly | 1g All-In-One Vape | Mystery OG,25,15.00,375.00,Net 15,J. Brady,New York
BESTBUDZ,OCM-RETL-25-000290,928883,2026-05-29,Delivered,Dragonfly,Dragonfly | 100mg Gummy Clusters (25ct) | Pineapple,25,6.00,150.00,Net 30,S. Lindqvist,New York
BESTBUDZ,OCM-RETL-25-000290,928883,2026-05-29,Delivered,Dragonfly,Dragonfly | 1g All-In-One Vape | Electric Watermelon OG,25,15.00,375.00,Net 30,M. Okafor,New York
BESTBUDZ,OCM-RETL-25-000290,928883,2026-05-29,Delivered,Dragonfly,Dragonfly | 1g Preroll (50ct) | Tahiti Lime,50,3.50,175.00,COD,S. Lindqvist,New York
The Green Door Dispensary,OCM-CAURD-24-000050,928838,2026-05-29,Delivered,Dragonfly,Dragonfly | 1.25g Infused Preroll | Mango Tango,49,5.00,245.00,Net 30,M. Okafor,New York
The Green Door Dispensary,OCM-CAURD-24-000050,928838,2026-05-29,Delivered,Dragonfly,Dragonfly | 1.25g Infused Preroll | Strawberry Cough,49,5.00,245.00,COD,J. Brady,New York
The Green Door Dispensary,OCM-CAURD-24-000050,928838,2026-05-29,Delivered,Dragonfly,Dragonfly Display Kit - Preroll,1,0.01,0.01,Net 15,S. Lindqvist,New York
The Green Door Dispensary,OCM-CAURD-24-000050,928838,2026-05-29,Delivered,Dragonfly,Dragonfly | 2.5g Preroll Multipack (0.5g) | Pandora's Box,24,12.50,300.00,Net 30,M. Okafor,New York
The Green Door Dispensary,OCM-CAURD-24-000050,928838,2026-05-29,Delivered,Dragonfly,Dragonfly | 1.25g Infused Preroll | Forbidden Fruit,49,5.00,245.00,COD,M. Okafor,New York
The Green Door Dispensary,OCM-CAURD-24-000050,928838,2026-05-29,Delivered,Dragonfly,Dragonfly | 1.25g Infused Preroll | Blackberry Sherbet,49,5.00,245.00,Net 30,M. Okafor,New York
The Green Door Dispensary,OCM-CAURD-24-000050,928838,2026-05-29,Delivered,Dragonfly,Dragonfly | 1.25g Infused Preroll | Lychee Dream,50,5.00,250.00,Net 15,J. Brady,New York
The Green Door Dispensary,OCM-CAURD-24-000050,928838,2026-05-29,Delivered,Dragonfly,Dragonfly | 1g Preroll (50ct) | Tahiti Lime,49,3.50,171.50,COD,A. Torres,New York
The Green Door Dispensary,OCM-CAURD-24-000050,928838,2026-05-29,Delivered,Dragonfly,Dragonfly | 1g Preroll (50ct) | Zlushi,49,3.50,171.50,COD,S. Lindqvist,New York
The Green Door Dispensary,OCM-CAURD-24-000050,928838,2026-05-29,Delivered,Dragonfly,Dragonfly | 1.25g Infused Preroll | Melon Gum,49,5.00,245.00,COD,M. Okafor,New York
The Green Door Dispensary,OCM-CAURD-24-000050,928838,2026-05-29,Delivered,Dragonfly,Dragonfly | 1.25g Infused Preroll | Blue Razz,49,5.00,245.00,Net 30,S. Lindqvist,New York
The Green Door Dispensary,OCM-CAURD-24-000050,928838,2026-05-29,Delivered,Dragonfly,Dragonfly | 1.25g Infused Preroll | Lemon Cherry,49,5.00,245.00,Net 15,S. Lindqvist,New York
Leafy Peaks,OCM-CAURD-24-000099,928818,2026-05-29,Delivered,Dragonfly,Dragonfly | Infused Multipack 10pk (1.25g) | Sugar Cookie,20,40.00,800.00,Net 30,J. Brady,New York
Leafy Peaks,OCM-CAURD-24-000099,928818,2026-05-29,Delivered,Dragonfly,Dragonfly | 1g All-In-One Vape | Blue Razz,20,15.00,300.00,COD,M. Okafor,New York
Leafy Peaks,OCM-CAURD-24-000099,928818,2026-05-29,Delivered,Dragonfly,Dragonfly | 1.25g Infused Preroll | Melon Gum,200,5.00,1000.00,Net 15,M. Okafor,New York
Leafy Peaks,OCM-CAURD-24-000099,928818,2026-05-29,Delivered,Dragonfly,Dragonfly | 2.5g Preroll Multipack (0.5g) | Sutter,25,12.50,312.50,Net 15,J. Brady,New York
Leafy Peaks,OCM-CAURD-24-000099,928818,2026-05-29,Delivered,Dragonfly,Dragonfly | Infused Multipack 10pk (1.25g) | Blue Razz,20,40.00,800.00,Net 30,A. Torres,New York
Leafy Peaks,OCM-CAURD-24-000099,928818,2026-05-29,Delivered,Dragonfly,Dragonfly | 100mg Gummy (25ct) | Green Apple,50,5.00,250.00,Net 30,M. Okafor,New York
Leafy Peaks,OCM-CAURD-24-000099,928818,2026-05-29,Delivered,Dragonfly,Dragonfly | Infused Multipack 10pk (1.25g) | Blackberry Sherbet,20,40.00,800.00,COD,M. Okafor,New York
Leafy Peaks,OCM-CAURD-24-000099,928818,2026-05-29,Delivered,Dragonfly,Dragonfly | 1g All-In-One Vape | Mystery OG,50,15.00,750.00,Net 30,M. Okafor,New York
Leafy Peaks,OCM-CAURD-24-000099,928818,2026-05-29,Delivered,Dragonfly,Dragonfly | Infused Multipack 10pk (1.25g) | Strawberry Kiwi,40,40.00,1600.00,Net 30,J. Brady,New York
Leafy Peaks,OCM-CAURD-24-000099,928818,2026-05-29,Delivered,Dragonfly,Dragonfly | 2.5g Preroll Multipack (0.5g) | Zlushi,25,12.50,312.50,Net 30,J. Brady,New York
Leafy Peaks,OCM-CAURD-24-000099,928818,2026-05-29,Delivered,Dragonfly,Dragonfly | 1g All-In-One Vape | Forbidden Fruit,50,15.00,750.00,Net 30,J. Brady,New York
Leafy Peaks,OCM-CAURD-24-000099,928818,2026-05-29,Delivered,Dragonfly,Dragonfly | Infused Multipack 10pk (1.25g) | Melon Gum,40,40.00,1600.00,Net 30,J. Brady,New York
Canterra Buffalo,OCM-CAURD-25-000266,928686,2026-05-28,Delivered,Dragonfly,Dragonfly | 1g All-In-One Vape | Electric Watermelon OG,50,15.00,750.00,Net 15,S. Lindqvist,New York
Canterra Buffalo,OCM-CAURD-25-000266,928686,2026-05-28,Delivered,Dragonfly,Dragonfly | 100mg Gummy Clusters (25ct) | Blue Razz,25,6.00,150.00,COD,A. Torres,New York
Canterra Buffalo,OCM-CAURD-25-000266,928686,2026-05-28,Delivered,Dragonfly,Dragonfly | 100mg Gummy Clusters (25ct) | Green Apple,25,6.00,150.00,Net 30,A. Torres,New York
Canterra Buffalo,OCM-CAURD-25-000266,928686,2026-05-28,Delivered,Dragonfly,Dragonfly | 1.25g Infused Preroll | Blackberry Sherbet,50,5.00,250.00,Net 15,A. Torres,New York
Canterra Buffalo,OCM-CAURD-25-000266,928686,2026-05-28,Delivered,Dragonfly,Dragonfly | 1.25g Infused Preroll | Strawberry Cough,50,5.00,250.00,COD,M. Okafor,New York
Canterra Buffalo,OCM-CAURD-25-000266,928686,2026-05-28,Delivered,Dragonfly,Dragonfly | 100mg Gummy Clusters (25ct) | Strawberry,25,6.00,150.00,COD,S. Lindqvist,New York
Canterra Buffalo,OCM-CAURD-25-000266,928686,2026-05-28,Delivered,Dragonfly,Dragonfly | 1g Preroll (50ct) | Tahiti Lime,100,3.50,350.00,Net 15,M. Okafor,New York
Canterra Buffalo,OCM-CAURD-25-000266,928686,2026-05-28,Delivered,Dragonfly,Dragonfly | 1.25g Infused Preroll | Forbidden Fruit,50,5.00,250.00,Net 15,S. Lindqvist,New York
Canterra Buffalo,OCM-CAURD-25-000266,928686,2026-05-28,Delivered,Dragonfly,Dragonfly | 1g Preroll (50ct) | Sutter,100,3.50,350.00,COD,J. Brady,New York
Canterra Buffalo,OCM-CAURD-25-000266,928686,2026-05-28,Delivered,Dragonfly,Dragonfly | 1.25g Infused Preroll | Mango Tango,50,5.00,250.00,Net 15,M. Okafor,New York
Canterra Buffalo,OCM-CAURD-25-000266,928686,2026-05-28,Delivered,Dragonfly,Dragonfly | 1g All-In-One Vape | Banana Bash,50,15.00,750.00,COD,J. Brady,New York
Canterra Buffalo,OCM-CAURD-25-000266,928686,2026-05-28,Delivered,Dragonfly,Dragonfly | 1.25g Infused Preroll | Apple Tart,50,5.00,250.00,Net 15,M. Okafor,New York
Canterra Buffalo,OCM-CAURD-25-000266,928686,2026-05-28,Delivered,Dragonfly,Dragonfly | 100mg Gummy Clusters (25ct) | Pineapple,25,6.00,150.00,Net 30,S. Lindqvist,New York
Weedly NYC,OCM-RETL-25-000324,928620,2026-05-27,Delivered,Dragonfly,Dragonfly | 1.25g Infused Preroll | Mango Tango,200,5.00,1000.00,COD,J. Brady,New York
Weedly NYC,OCM-RETL-25-000324,928620,2026-05-27,Delivered,Dragonfly,Dragonfly | 1.25g Infused Preroll | Apple Tart,200,5.00,1000.00,COD,S. Lindqvist,New York
ConBud Yankee Stadium,OCM-CAURD-24-000220,928450,2026-05-27,Delivered,Dragonfly,Dragonfly | 1g Preroll (50ct) | Tahiti Lime,100,3.50,350.00,Net 30,M. Okafor,New York
ConBud Yankee Stadium,OCM-CAURD-24-000220,928450,2026-05-27,Delivered,Dragonfly,Dragonfly | 1g All-In-One Vape | Mystery OG,100,15.00,1500.00,Net 30,J. Brady,New York
ConBud Yankee Stadium,OCM-CAURD-24-000220,928450,2026-05-27,Delivered,Dragonfly,Dragonfly | 1g All-In-One Vape | Lychee Dream,50,15.00,750.00,Net 30,A. Torres,New York
ConBud Yankee Stadium,OCM-CAURD-24-000220,928450,2026-05-27,Delivered,Dragonfly,Dragonfly | Flower | 3.5g | Trop,100,12.00,1200.00,Net 15,S. Lindqvist,New York
ConBud Yankee Stadium,OCM-CAURD-24-000220,928450,2026-05-27,Delivered,Dragonfly,Dragonfly | 100mg Gummy (25ct) | Green Apple,150,5.00,750.00,Net 15,M. Okafor,New York
ConBud Yankee Stadium,OCM-CAURD-24-000220,928450,2026-05-27,Delivered,Dragonfly,Dragonfly | 2.5g Preroll Multipack (0.5g) | Pandora's Box,25,12.50,312.50,Net 15,J. Brady,New York
RR Legacy Dispensary,OCM-RETL-24-000142,928424,2026-05-26,Delivered,Dragonfly,Dragonfly | 1g Preroll (50ct) | Sutter,50,3.50,175.00,COD,J. Brady,New York
RR Legacy Dispensary,OCM-RETL-24-000142,928424,2026-05-26,Delivered,Dragonfly,Dragonfly | 2.5g Preroll Multipack (0.5g) | Pandora's Box,25,12.50,312.50,Net 30,A. Torres,New York
RR Legacy Dispensary,OCM-RETL-24-000142,928424,2026-05-26,Delivered,Dragonfly,Dragonfly | Flower | 3.5g | Trop,25,12.00,300.00,Net 15,J. Brady,New York
RR Legacy Dispensary,OCM-RETL-24-000142,928424,2026-05-26,Delivered,Dragonfly,Dragonfly | 2.5g Preroll Multipack (0.5g) | Zlushi,24,12.50,300.00,Net 15,S. Lindqvist,New York
RR Legacy Dispensary,OCM-RETL-24-000142,928424,2026-05-26,Delivered,Dragonfly,Dragonfly | 1.25g Infused Preroll | Lemon Cherry,50,5.00,250.00,Net 30,S. Lindqvist,New York
RR Legacy Dispensary,OCM-RETL-24-000142,928424,2026-05-26,Delivered,Dragonfly,Dragonfly | 1g Preroll (50ct) | Green Caffeine,50,3.50,175.00,Net 30,M. Okafor,New York
RR Legacy Dispensary,OCM-RETL-24-000142,928424,2026-05-26,Delivered,Dragonfly,Dragonfly | 1g Preroll (50ct) | Tahiti Lime,50,3.50,175.00,Net 30,A. Torres,New York
RR Legacy Dispensary,OCM-RETL-24-000142,928424,2026-05-26,Delivered,Dragonfly,Dragonfly | 2.5g Preroll Multipack (0.5g) | Tahiti Lime,25,12.50,312.50,Net 15,S. Lindqvist,New York
RR Legacy Dispensary,OCM-RETL-24-000142,928424,2026-05-26,Delivered,Dragonfly,Dragonfly | 1g All-In-One Vape | Strawberry Kiwi,25,15.00,375.00,Net 30,A. Torres,New York
Flynnstoned Auburn,OCM-RETL-24-000038,928308,2026-05-26,Delivered,Dragonfly,Naka | Flower | 3.5g | Zlushi,50,20.00,1000.00,COD,A. Torres,New York
Flynnstoned Auburn,OCM-RETL-24-000038,928308,2026-05-26,Delivered,Dragonfly,Dragonfly | 1g All-In-One Vape | Electric Watermelon OG,25,15.00,375.00,COD,J. Brady,New York
Flynnstoned Auburn,OCM-RETL-24-000038,928308,2026-05-26,Delivered,Dragonfly,Dragonfly | 1g All-In-One Vape | Lychee Dream,25,15.00,375.00,Net 30,A. Torres,New York
Flynnstoned Auburn,OCM-RETL-24-000038,928308,2026-05-26,Delivered,Dragonfly,Dragonfly | 1g All-In-One Vape | Strawberry Kiwi,25,15.00,375.00,Net 15,M. Okafor,New York
Flynnstoned Auburn,OCM-RETL-24-000038,928308,2026-05-26,Delivered,Dragonfly,Dragonfly | 1g All-In-One Vape | Mystery OG,25,15.00,375.00,Net 15,M. Okafor,New York
Flynnstoned Auburn,OCM-RETL-24-000038,928308,2026-05-26,Delivered,Dragonfly,Dragonfly | Flower | 3.5g | Trop,50,12.00,600.00,COD,S. Lindqvist,New York
The People's Joint,OCM-CAURD-24-000181,928139,2026-05-25,Delivered,Dragonfly,Dragonfly | 1g All-In-One Vape | Mystery OG,25,15.00,375.00,Net 15,A. Torres,New York
The People's Joint,OCM-CAURD-24-000181,928139,2026-05-25,Delivered,Dragonfly,Dragonfly | 1g All-In-One Vape | Strawberry Kiwi,25,15.00,375.00,Net 30,J. Brady,New York
The People's Joint,OCM-CAURD-24-000181,928139,2026-05-25,Delivered,Dragonfly,Dragonfly | 1g Preroll (50ct) | Sutter,50,3.50,175.00,COD,A. Torres,New York
The People's Joint,OCM-CAURD-24-000181,928139,2026-05-25,Delivered,Dragonfly,Levitate | 100mg Live Resin Gummy (25ct) | Cherry,24,7.50,180.00,Net 30,J. Brady,New York
The People's Joint,OCM-CAURD-24-000181,928139,2026-05-25,Delivered,Dragonfly,Dragonfly | 1g All-In-One Vape | Lychee Dream,25,15.00,375.00,Net 30,A. Torres,New York
The People's Joint,OCM-CAURD-24-000181,928139,2026-05-25,Delivered,Dragonfly,Dragonfly | 1.25g Infused Preroll | Lychee Dream,50,5.00,250.00,COD,A. Torres,New York
The People's Joint,OCM-CAURD-24-000181,928139,2026-05-25,Delivered,Dragonfly,Levitate | 100mg Live Resin Gummy (25ct) | Grape,24,7.50,180.00,Net 30,M. Okafor,New York
The People's Joint,OCM-CAURD-24-000181,928139,2026-05-25,Delivered,Dragonfly,Dragonfly | 1g Preroll (50ct) | Tahiti Lime,99,3.50,346.50,COD,M. Okafor,New York
The People's Joint,OCM-CAURD-24-000181,928139,2026-05-25,Delivered,Dragonfly,Levitate | 100mg Live Resin Gummy (25ct) | Pineapple,24,7.50,180.00,COD,S. Lindqvist,New York
The People's Joint,OCM-CAURD-24-000181,928139,2026-05-25,Delivered,Dragonfly,Dragonfly | 1g Preroll (50ct) | Green Caffeine,50,3.50,175.00,Net 15,J. Brady,New York
Flower City Dispensary Inc.,OCM-CAURD-24-000218,990007,2026-06-09,Delivered,Dragonfly,Dragonfly | 1g Preroll (50ct) | AK-47,83,3.50,290.50,Net 30,A. Torres,New York
Flower City Dispensary Inc.,OCM-CAURD-24-000218,990008,2026-07-08,Delivered,Dragonfly,Dragonfly | 1g Preroll (50ct) | AK-47,95,3.50,332.50,Net 30,J. Brady,New York
Flower City Dispensary Inc.,OCM-CAURD-24-000218,990009,2026-08-08,Delivered,Dragonfly,Dragonfly | 1g Preroll (50ct) | AK-47,98,3.50,343.00,Net 30,J. Brady,New York
Flower City Dispensary Inc.,OCM-CAURD-24-000218,990010,2026-09-02,Delivered,Dragonfly,Dragonfly | 1g Preroll (50ct) | AK-47,95,3.50,332.50,COD,J. Brady,New York
Toke Lane - Buffalo,OCM-RETL-24-000132,990021,2026-06-02,Delivered,Dragonfly,Dragonfly | Flower | 3.5g | Banana Cream Pie,41,12.00,492.00,Net 30,J. Brady,New York
Toke Lane - Buffalo,OCM-RETL-24-000132,990022,2026-06-20,Delivered,Dragonfly,Dragonfly | Flower | 3.5g | Banana Cream Pie,44,12.00,528.00,Net 30,S. Lindqvist,New York
Toke Lane - Buffalo,OCM-RETL-24-000132,990023,2026-07-04,Delivered,Dragonfly,Dragonfly | Flower | 3.5g | Banana Cream Pie,41,12.00,492.00,Net 30,J. Brady,New York
Toke Lane - Buffalo,OCM-RETL-24-000132,990024,2026-07-19,Delivered,Dragonfly,Dragonfly | Flower | 3.5g | Banana Cream Pie,46,12.00,552.00,Net 30,M. Okafor,New York
Toke Lane - Buffalo,OCM-RETL-24-000132,990025,2026-08-04,Delivered,Dragonfly,Dragonfly | Flower | 3.5g | Banana Cream Pie,47,12.00,564.00,Net 15,S. Lindqvist,New York
Toke Lane - Buffalo,OCM-RETL-24-000132,990026,2026-08-18,Delivered,Dragonfly,Dragonfly | Flower | 3.5g | Banana Cream Pie,54,12.00,648.00,Net 15,J. Brady,New York
Toke Lane - Buffalo,OCM-RETL-24-000132,990027,2026-09-01,Delivered,Dragonfly,Dragonfly | Flower | 3.5g | Banana Cream Pie,55,12.00,660.00,Net 30,S. Lindqvist,New York
Toke Lane - Buffalo,OCM-RETL-24-000132,990028,2026-09-16,Delivered,Dragonfly,Dragonfly | Flower | 3.5g | Banana Cream Pie,52,12.00,624.00,Net 15,M. Okafor,New York
Sage Seeds,OCM-RETL-24-000004,990034,2026-06-15,Delivered,Dragonfly,Dragonfly | 1g Preroll (50ct) | Afghan Kush,20,3.50,70.00,Net 30,J. Brady,New York
Sage Seeds,OCM-RETL-24-000004,990035,2026-08-29,Delivered,Dragonfly,Dragonfly | 1g Preroll (50ct) | Afghan Kush,21,3.50,73.50,Net 15,S. Lindqvist,New York
Starlife Dispensary,OCM-RETL-24-000159,990079,2026-09-09,Delivered,Dragonfly,Dragonfly | 1g Vape Cart (50ct) | Lemon Drop,32,12.00,384.00,COD,J. Brady,New York
Crush,OCM-CAURD-24-000223,990082,2026-06-14,Delivered,Dragonfly,Dragonfly | 1g Preroll (50ct) | Sour Lemons,50,3.50,175.00,Net 30,A. Torres,New York
Crush,OCM-CAURD-24-000223,990083,2026-09-04,Delivered,Dragonfly,Dragonfly | 1g Vape (50ct) | Double Bubble OG,28,15.00,420.00,Net 30,S. Lindqvist,New York
HII,OCM-CAURD-24-000102,990095,2026-06-07,Delivered,Dragonfly,Dragonfly | 1g Preroll (50ct) | AK-47,199,3.50,696.50,Net 30,J. Brady,New York
HII,OCM-CAURD-24-000102,990096,2026-06-24,Delivered,Dragonfly,Dragonfly | 1g Preroll (50ct) | AK-47,186,3.50,651.00,Net 30,S. Lindqvist,New York
HII,OCM-CAURD-24-000102,990097,2026-07-09,Delivered,Dragonfly,Dragonfly | 1g Preroll (50ct) | AK-47,246,3.50,861.00,Net 30,S. Lindqvist,New York
HII,OCM-CAURD-24-000102,990098,2026-07-24,Delivered,Dragonfly,Dragonfly | 1g Preroll (50ct) | AK-47,195,3.50,682.50,Net 30,M. Okafor,New York
HII,OCM-CAURD-24-000102,990099,2026-08-09,Delivered,Dragonfly,Dragonfly | 1g Preroll (50ct) | AK-47,260,3.50,910.00,Net 15,J. Brady,New York
HII,OCM-CAURD-24-000102,990100,2026-08-23,Delivered,Dragonfly,Dragonfly | 1g Preroll (50ct) | AK-47,193,3.50,675.50,Net 15,S. Lindqvist,New York
HII,OCM-CAURD-24-000102,990101,2026-09-04,Delivered,Dragonfly,Dragonfly | 1g Preroll (50ct) | AK-47,177,3.50,619.50,Net 30,J. Brady,New York
HII,OCM-CAURD-24-000102,990102,2026-09-18,Delivered,Dragonfly,Dragonfly | 1g Preroll (50ct) | AK-47,202,3.50,707.00,COD,J. Brady,New York
Chronic Brooklyn,OCM-RETL-24-000051,990111,2026-06-13,Delivered,Dragonfly,Dragonfly | 1g Preroll (50ct) | Blue Dream,381,3.50,1333.50,Net 30,M. Okafor,New York
Chronic Brooklyn,OCM-RETL-24-000051,990112,2026-07-03,Delivered,Dragonfly,Dragonfly | 1g Preroll (50ct) | Garlic Budder,163,3.50,570.50,Net 15,A. Torres,New York
Chronic Brooklyn,OCM-RETL-24-000051,990114,2026-08-14,Delivered,Dragonfly,Dragonfly | 1.25g Infused Preroll | Lychee Dream,92,5.00,460.00,Net 15,S. Lindqvist,New York
Chronic Brooklyn,OCM-RETL-24-000051,990115,2026-09-04,Delivered,Dragonfly,Dragonfly | 1.25g Infused Preroll | Lychee Dream,104,5.00,520.00,Net 30,S. Lindqvist,New York
Chronic Brooklyn,OCM-RETL-24-000051,990116,2026-09-21,Delivered,Dragonfly,Dragonfly | 1g Preroll (50ct) | Blue Dream,305,3.50,1067.50,Net 30,J. Brady,New York
Just Breathe - Fingerlakes,OCM-CAURD-24-000110,990121,2026-05-30,Delivered,Dragonfly,Dragonfly | 1g All-In-One Vape | Forbidden Fruit,14,15.00,210.00,COD,M. Okafor,New York
King of Budz,OCM-CAURD-25-000289,990153,2026-05-31,Delivered,Dragonfly,Dragonfly | 1g All-In-One Vape | Double Bubble OG,75,15.00,1125.00,Net 15,J. Brady,New York
King of Budz,OCM-CAURD-25-000289,990155,2026-06-08,Delivered,Dragonfly,Dragonfly | 1g All-In-One Vape | Strawberry Kiwi,63,15.00,945.00,Net 15,J. Brady,New York
King of Budz,OCM-CAURD-25-000289,990157,2026-06-16,Delivered,Dragonfly,Dragonfly | 1g Vape Cart (50ct) | Green Apple,194,12.00,2328.00,COD,J. Brady,New York
King of Budz,OCM-CAURD-25-000289,990159,2026-06-24,Delivered,Dragonfly,Dragonfly | 1g All-In-One Vape | Strawberry Kiwi,67,15.00,1005.00,Net 30,A. Torres,New York
King of Budz,OCM-CAURD-25-000289,990160,2026-06-28,Delivered,Dragonfly,Dragonfly | 1g All-In-One Vape | Strawberry Kiwi,71,15.00,1065.00,COD,A. Torres,New York
King of Budz,OCM-CAURD-25-000289,990161,2026-07-02,Delivered,Dragonfly,Dragonfly | 1g Vape Cart (50ct) | Green Apple,156,12.00,1872.00,Net 30,J. Brady,New York
King of Budz,OCM-CAURD-25-000289,990163,2026-07-10,Delivered,Dragonfly,Dragonfly | 1g All-In-One Vape | Double Bubble OG,115,15.00,1725.00,Net 30,S. Lindqvist,New York
New Metro,OCM-CAURD-24-000061,990173,2026-05-28,Delivered,Dragonfly,Dragonfly | 1g Preroll (50ct) | Cap Junky,205,3.50,717.50,COD,M. Okafor,New York
New Metro,OCM-CAURD-24-000061,990174,2026-06-18,Delivered,Dragonfly,Dragonfly | 1.25g Infused Preroll | Lychee Dream,100,5.00,500.00,Net 30,J. Brady,New York
New Metro,OCM-CAURD-24-000061,990175,2026-07-06,Delivered,Dragonfly,Dragonfly | 1g Preroll (50ct) | Cap Junky,149,3.50,521.50,COD,J. Brady,New York
New Metro,OCM-CAURD-24-000061,990176,2026-07-22,Delivered,Dragonfly,Dragonfly | 1.25g Infused Preroll | Lychee Dream,110,5.00,550.00,Net 30,J. Brady,New York
New Metro,OCM-CAURD-24-000061,990177,2026-08-10,Delivered,Dragonfly,Dragonfly | 1g Preroll (50ct) | Cap Junky,224,3.50,784.00,Net 30,S. Lindqvist,New York
New Metro,OCM-CAURD-24-000061,990178,2026-08-27,Delivered,Dragonfly,Dragonfly | 1.25g Infused Preroll | Lychee Dream,82,5.00,410.00,COD,A. Torres,New York
New Metro,OCM-CAURD-24-000061,990179,2026-09-13,Delivered,Dragonfly,Dragonfly | 1.25g Infused Preroll | Lychee Dream,124,5.00,620.00,Net 30,S. Lindqvist,New York
The THC Shop - Rosedale,OCM-RETL-24-000027,990190,2026-05-25,Delivered,Dragonfly,Dragonfly | 1g Preroll (50ct) | White Fire OG,96,3.50,336.00,Net 15,M. Okafor,New York
The THC Shop - Rosedale,OCM-RETL-24-000027,990191,2026-06-11,Delivered,Dragonfly,Dragonfly | 1g Preroll (50ct) | White Fire OG,79,3.50,276.50,Net 30,A. Torres,New York
The THC Shop - Rosedale,OCM-RETL-24-000027,990192,2026-06-28,Delivered,Dragonfly,Dragonfly | 1g Preroll (50ct) | White Fire OG,100,3.50,350.00,Net 15,M. Okafor,New York
The THC Shop - Rosedale,OCM-RETL-24-000027,990193,2026-07-14,Delivered,Dragonfly,Dragonfly | 1g Preroll (50ct) | White Fire OG,98,3.50,343.00,Net 15,S. Lindqvist,New York
The THC Shop - Rosedale,OCM-RETL-24-000027,990194,2026-07-27,Delivered,Dragonfly,Dragonfly | 1g Preroll (50ct) | White Fire OG,90,3.50,315.00,Net 15,J. Brady,New York
The THC Shop - Rosedale,OCM-RETL-24-000027,990195,2026-08-11,Delivered,Dragonfly,Dragonfly | 1g Preroll (50ct) | White Fire OG,91,3.50,318.50,Net 30,A. Torres,New York
The THC Shop - Rosedale,OCM-RETL-24-000027,990196,2026-08-23,Delivered,Dragonfly,Dragonfly | 1g Preroll (50ct) | White Fire OG,115,3.50,402.50,Net 15,M. Okafor,New York
The THC Shop - Rosedale,OCM-RETL-24-000027,990197,2026-09-05,Delivered,Dragonfly,Dragonfly | 1g Preroll (50ct) | White Fire OG,139,3.50,486.50,Net 30,M. Okafor,New York
The THC Shop - Rosedale,OCM-RETL-24-000027,990198,2026-09-18,Delivered,Dragonfly,Dragonfly | 1g Preroll (50ct) | White Fire OG,117,3.50,409.50,COD,A. Torres,New York
The People's Joint,OCM-CAURD-24-000181,990221,2026-06-28,Delivered,Dragonfly,Dragonfly | 1g Preroll (50ct) | Chernobyl,305,3.50,1067.50,Net 30,A. Torres,New York
The People's Joint,OCM-CAURD-24-000181,990223,2026-07-11,Delivered,Dragonfly,Dragonfly | 1g Preroll (50ct) | Chernobyl,250,3.50,875.00,Net 15,J. Brady,New York
The People's Joint,OCM-CAURD-24-000181,990225,2026-07-22,Delivered,Dragonfly,Dragonfly | 1g Preroll (50ct) | Chernobyl,285,3.50,997.50,Net 30,M. Okafor,New York
The People's Joint,OCM-CAURD-24-000181,990226,2026-07-27,Delivered,Dragonfly,Dragonfly | 1g Preroll (50ct) | Chernobyl,300,3.50,1050.00,Net 15,S. Lindqvist,New York
The People's Joint,OCM-CAURD-24-000181,990227,2026-08-02,Delivered,Dragonfly,Dragonfly | 1g Preroll (50ct) | Chernobyl,332,3.50,1162.00,COD,M. Okafor,New York
The People's Joint,OCM-CAURD-24-000181,990229,2026-08-12,Delivered,Dragonfly,Dragonfly | 1g Preroll (50ct) | Chernobyl,292,3.50,1022.00,Net 15,A. Torres,New York
The People's Joint,OCM-CAURD-24-000181,990234,2026-09-03,Delivered,Dragonfly,Dragonfly | 1g Preroll (50ct) | Chernobyl,360,3.50,1260.00,Net 30,S. Lindqvist,New York
The People's Joint,OCM-CAURD-24-000181,990235,2026-09-07,Delivered,Dragonfly,Dragonfly | 1g Preroll (50ct) | Chernobyl,368,3.50,1288.00,Net 30,A. Torres,New York
The People's Joint,OCM-CAURD-24-000181,990236,2026-09-11,Delivered,Dragonfly,Dragonfly | 1g Preroll (50ct) | Chernobyl,385,3.50,1347.50,Net 30,J. Brady,New York
The People's Joint,OCM-CAURD-24-000181,990237,2026-09-15,Delivered,Dragonfly,Dragonfly | 1g Preroll (50ct) | Chernobyl,407,3.50,1424.50,COD,M. Okafor,New York
The People's Joint,OCM-CAURD-24-000181,990238,2026-09-19,Delivered,Dragonfly,Dragonfly | 1g Preroll (50ct) | Chernobyl,407,3.50,1424.50,Net 30,M. Okafor,New York
Northern Lights Dispensary - Menands,OCM-CAURD-24-000059,990259,2026-05-28,Delivered,Dragonfly,Dragonfly | 1.25g Infused Preroll | Banana Bash,137,5.00,685.00,Net 30,J. Brady,New York
Northern Lights Dispensary - Menands,OCM-CAURD-24-000059,990260,2026-06-05,Delivered,Dragonfly,Dragonfly | 1.25g Infused Preroll | Just Peachy,130,5.00,650.00,Net 30,A. Torres,New York
Northern Lights Dispensary - Menands,OCM-CAURD-24-000059,990261,2026-06-12,Delivered,Dragonfly,Dragonfly | 1.25g Infused Preroll | Watermelon Skittlez,306,5.00,1530.00,Net 30,J. Brady,New York
Northern Lights Dispensary - Menands,OCM-CAURD-24-000059,990262,2026-06-19,Delivered,Dragonfly,Dragonfly | 1.25g Infused Preroll | Lychee Dream,205,5.00,1025.00,COD,S. Lindqvist,New York
Northern Lights Dispensary - Menands,OCM-CAURD-24-000059,990263,2026-06-25,Delivered,Dragonfly,Dragonfly | 1.25g Infused Preroll | Lychee Dream,134,5.00,670.00,Net 30,M. Okafor,New York
Northern Lights Dispensary - Menands,OCM-CAURD-24-000059,990264,2026-07-01,Delivered,Dragonfly,Dragonfly | 1.25g Infused Preroll | Banana Bash,162,5.00,810.00,Net 30,A. Torres,New York
Northern Lights Dispensary - Menands,OCM-CAURD-24-000059,990265,2026-07-08,Delivered,Dragonfly,Dragonfly | 1.25g Infused Preroll | Watermelon Skittlez,321,5.00,1605.00,Net 30,M. Okafor,New York
Northern Lights Dispensary - Menands,OCM-CAURD-24-000059,990266,2026-07-13,Delivered,Dragonfly,Dragonfly | 1.25g Infused Preroll | Lychee Dream,170,5.00,850.00,Net 30,J. Brady,New York
Northern Lights Dispensary - Menands,OCM-CAURD-24-000059,990267,2026-07-18,Delivered,Dragonfly,Dragonfly | 1.25g Infused Preroll | Just Peachy,113,5.00,565.00,Net 15,A. Torres,New York
Northern Lights Dispensary - Menands,OCM-CAURD-24-000059,990268,2026-07-23,Delivered,Dragonfly,Dragonfly | 1.25g Infused Preroll | Banana Bash,146,5.00,730.00,Net 30,A. Torres,New York
Northern Lights Dispensary - Menands,OCM-CAURD-24-000059,990269,2026-07-29,Delivered,Dragonfly,Dragonfly | 1.25g Infused Preroll | Lychee Dream,171,5.00,855.00,Net 30,S. Lindqvist,New York
Northern Lights Dispensary - Menands,OCM-CAURD-24-000059,990270,2026-08-02,Delivered,Dragonfly,Dragonfly | 1.25g Infused Preroll | Lychee Dream,135,5.00,675.00,COD,A. Torres,New York
Northern Lights Dispensary - Menands,OCM-CAURD-24-000059,990271,2026-08-07,Delivered,Dragonfly,Dragonfly | 1.25g Infused Preroll | Lychee Dream,411,5.00,2055.00,Net 30,S. Lindqvist,New York
Northern Lights Dispensary - Menands,OCM-CAURD-24-000059,990272,2026-08-12,Delivered,Dragonfly,Dragonfly | 1.25g Infused Preroll | Lychee Dream,410,5.00,2050.00,Net 30,M. Okafor,New York
Northern Lights Dispensary - Menands,OCM-CAURD-24-000059,990273,2026-08-17,Delivered,Dragonfly,Dragonfly | 1.25g Infused Preroll | Banana Bash,160,5.00,800.00,Net 30,J. Brady,New York
Northern Lights Dispensary - Menands,OCM-CAURD-24-000059,990274,2026-08-21,Delivered,Dragonfly,Dragonfly | 1.25g Infused Preroll | Lychee Dream,198,5.00,990.00,Net 30,S. Lindqvist,New York
Northern Lights Dispensary - Menands,OCM-CAURD-24-000059,990275,2026-08-25,Delivered,Dragonfly,Dragonfly | 1.25g Infused Preroll | Lychee Dream,288,5.00,1440.00,Net 30,S. Lindqvist,New York
Northern Lights Dispensary - Menands,OCM-CAURD-24-000059,990276,2026-08-29,Delivered,Dragonfly,Dragonfly | 1.25g Infused Preroll | Just Peachy,197,5.00,985.00,Net 30,J. Brady,New York
Northern Lights Dispensary - Menands,OCM-CAURD-24-000059,990277,2026-09-02,Delivered,Dragonfly,Dragonfly | 1.25g Infused Preroll | Banana Bash,194,5.00,970.00,Net 30,A. Torres,New York
Northern Lights Dispensary - Menands,OCM-CAURD-24-000059,990278,2026-09-06,Delivered,Dragonfly,Dragonfly | 1.25g Infused Preroll | Lychee Dream,303,5.00,1515.00,Net 30,M. Okafor,New York
Northern Lights Dispensary - Menands,OCM-CAURD-24-000059,990279,2026-09-10,Delivered,Dragonfly,Dragonfly | 1.25g Infused Preroll | Just Peachy,155,5.00,775.00,Net 30,S. Lindqvist,New York
Smokey Paradise,OCM-RETL-24-000139,990299,2026-06-02,Delivered,Dragonfly,Dragonfly | 1g Vape Cart (50ct) | Blue Razz,120,12.00,1440.00,Net 15,M. Okafor,New York
Smokey Paradise,OCM-RETL-24-000139,990300,2026-06-10,Delivered,Dragonfly,Dragonfly | 1g Preroll (50ct) | Trainwreck,223,3.50,780.50,Net 30,M. Okafor,New York
Smokey Paradise,OCM-RETL-24-000139,990301,2026-06-18,Delivered,Dragonfly,Dragonfly | 1g Preroll (50ct) | Trainwreck,321,3.50,1123.50,Net 30,M. Okafor,New York
Smokey Paradise,OCM-RETL-24-000139,990303,2026-07-01,Delivered,Dragonfly,Dragonfly | 1g Preroll (50ct) | Space Candy,459,3.50,1606.50,COD,S. Lindqvist,New York
Smokey Paradise,OCM-RETL-24-000139,990304,2026-07-07,Delivered,Dragonfly,Dragonfly | 1g Preroll (50ct) | Space Candy,425,3.50,1487.50,Net 30,M. Okafor,New York
Smokey Paradise,OCM-RETL-24-000139,990305,2026-07-13,Delivered,Dragonfly,Dragonfly | 1g Preroll (50ct) | Trainwreck,355,3.50,1242.50,COD,A. Torres,New York
Smokey Paradise,OCM-RETL-24-000139,990306,2026-07-18,Delivered,Dragonfly,Dragonfly | 1g Vape Cart (50ct) | Blue Razz,160,12.00,1920.00,Net 30,S. Lindqvist,New York
Smokey Paradise,OCM-RETL-24-000139,990307,2026-07-24,Delivered,Dragonfly,Dragonfly | 1g Preroll (50ct) | Trainwreck,283,3.50,990.50,Net 30,J. Brady,New York
Smokey Paradise,OCM-RETL-24-000139,990309,2026-08-04,Delivered,Dragonfly,Dragonfly | 1g Preroll (50ct) | Space Candy,643,3.50,2250.50,COD,A. Torres,New York
Smokey Paradise,OCM-RETL-24-000139,990311,2026-08-14,Delivered,Dragonfly,Dragonfly | 1g Preroll (50ct) | Space Candy,774,3.50,2709.00,Net 15,J. Brady,New York
Smokey Paradise,OCM-RETL-24-000139,990313,2026-08-23,Delivered,Dragonfly,Dragonfly | 1g Preroll (50ct) | Space Candy,749,3.50,2621.50,Net 15,A. Torres,New York
Smokey Paradise,OCM-RETL-24-000139,990314,2026-08-27,Delivered,Dragonfly,Dragonfly | 1g Preroll (50ct) | Trainwreck,399,3.50,1396.50,COD,M. Okafor,New York
Smokey Paradise,OCM-RETL-24-000139,990315,2026-08-31,Delivered,Dragonfly,Dragonfly | 1g Preroll (50ct) | Space Candy,798,3.50,2793.00,Net 15,S. Lindqvist,New York
Smokey Paradise,OCM-RETL-24-000139,990316,2026-09-04,Delivered,Dragonfly,Dragonfly | 1g Preroll (50ct) | Space Candy,774,3.50,2709.00,Net 30,J. Brady,New York
Smokey Paradise,OCM-RETL-24-000139,990318,2026-09-12,Delivered,Dragonfly,Dragonfly | 1g Preroll (50ct) | Space Candy,638,3.50,2233.00,Net 15,M. Okafor,New York
Smokey Paradise,OCM-RETL-24-000139,990319,2026-09-16,Delivered,Dragonfly,Dragonfly | 1g Preroll (50ct) | Space Candy,728,3.50,2548.00,Net 30,A. Torres,New York
Smokey Paradise,OCM-RETL-24-000139,990320,2026-09-20,Delivered,Dragonfly,Dragonfly | 1g Vape Cart (50ct) | Blue Razz,153,12.00,1836.00,Net 15,A. Torres,New York
Just Breathe - Binghamton,OCM-CAURD-23-000004,990325,2026-07-08,Delivered,Dragonfly,Dragonfly | 1g Preroll (50ct) | Triple Cake,50,3.50,175.00,Net 15,S. Lindqvist,New York
Just Breathe - Binghamton,OCM-CAURD-23-000004,990326,2026-08-23,Delivered,Dragonfly,Dragonfly | 1g All-In-One Vape | Banana Bash,34,15.00,510.00,Net 30,M. Okafor,New York
Guardian Wellness LLC,OCM-RETL-24-000171,990338,2026-05-30,Delivered,Dragonfly,Dragonfly | 1.25g Infused Preroll | Strawberry Kiwi,77,5.00,385.00,Net 15,A. Torres,New York
Guardian Wellness LLC,OCM-RETL-24-000171,990339,2026-06-14,Delivered,Dragonfly,Dragonfly | 1.25g Infused Preroll | Strawberry Kiwi,90,5.00,450.00,Net 30,J. Brady,New York
Guardian Wellness LLC,OCM-RETL-24-000171,990340,2026-07-01,Delivered,Dragonfly,Dragonfly | 1.25g Infused Preroll | Strawberry Kiwi,74,5.00,370.00,Net 30,M. Okafor,New York
Guardian Wellness LLC,OCM-RETL-24-000171,990341,2026-07-15,Delivered,Dragonfly,Dragonfly | 1.25g Infused Preroll | Strawberry Kiwi,79,5.00,395.00,COD,S. Lindqvist,New York
Guardian Wellness LLC,OCM-RETL-24-000171,990342,2026-07-31,Delivered,Dragonfly,Dragonfly | 1.25g Infused Preroll | Strawberry Kiwi,122,5.00,610.00,Net 30,A. Torres,New York
Guardian Wellness LLC,OCM-RETL-24-000171,990343,2026-08-13,Delivered,Dragonfly,Dragonfly | 1.25g Infused Preroll | Strawberry Kiwi,107,5.00,535.00,COD,J. Brady,New York
Guardian Wellness LLC,OCM-RETL-24-000171,990344,2026-08-27,Delivered,Dragonfly,Dragonfly | 1.25g Infused Preroll | Strawberry Kiwi,122,5.00,610.00,Net 30,M. Okafor,New York
Guardian Wellness LLC,OCM-RETL-24-000171,990345,2026-09-07,Delivered,Dragonfly,Dragonfly | 1.25g Infused Preroll | Strawberry Kiwi,123,5.00,615.00,Net 30,A. Torres,New York
Guardian Wellness LLC,OCM-RETL-24-000171,990346,2026-09-19,Delivered,Dragonfly,Dragonfly | 1.25g Infused Preroll | Strawberry Kiwi,125,5.00,625.00,COD,A. Torres,New York
Healthy Choice Seaview LLC,OCM-RETL-24-000106,990352,2026-06-03,Delivered,Dragonfly,Dragonfly | Flower | 3.5g | Banana Cream Pie,105,12.00,1260.00,Net 30,A. Torres,New York
Healthy Choice Seaview LLC,OCM-RETL-24-000106,990353,2026-07-07,Delivered,Dragonfly,Dragonfly | Flower | 3.5g | Banana Cream Pie,123,12.00,1476.00,Net 30,S. Lindqvist,New York
Healthy Choice Seaview LLC,OCM-RETL-24-000106,990354,2026-08-06,Delivered,Dragonfly,Dragonfly | Flower | 3.5g | Banana Cream Pie,89,12.00,1068.00,Net 30,S. Lindqvist,New York
Healthy Choice Seaview LLC,OCM-RETL-24-000106,990355,2026-09-06,Delivered,Dragonfly,Dragonfly | Flower | 3.5g | Banana Cream Pie,127,12.00,1524.00,Net 15,A. Torres,New York
Ripe Cannabis,OCM-CAURD-24-000215,990394,2026-05-26,Delivered,Dragonfly,Dragonfly | 1g Preroll (50ct) | GG#4,340,3.50,1190.00,Net 30,S. Lindqvist,New York
Ripe Cannabis,OCM-CAURD-24-000215,990395,2026-05-30,Delivered,Dragonfly,Dragonfly | 1g Preroll (50ct) | Kush Mintz,298,3.50,1043.00,COD,A. Torres,New York
Flynnstoned - Baytowne,OCM-RETL-25-000326,990409,2026-06-07,Delivered,Dragonfly,Dragonfly | Flower | 3.5g | Banana Cream Pie,42,12.00,504.00,COD,A. Torres,New York
Flynnstoned - Baytowne,OCM-RETL-25-000326,990410,2026-06-20,Delivered,Dragonfly,Dragonfly | 1g All-In-One Vape | Blue Razz,23,15.00,345.00,Net 30,M. Okafor,New York
Flynnstoned - Baytowne,OCM-RETL-25-000326,990411,2026-07-05,Delivered,Dragonfly,Dragonfly | 1g All-In-One Vape | Blue Razz,25,15.00,375.00,Net 30,J. Brady,New York
Flynnstoned - Baytowne,OCM-RETL-25-000326,990412,2026-07-18,Delivered,Dragonfly,Dragonfly | 1g All-In-One Vape | Blue Razz,22,15.00,330.00,Net 15,A. Torres,New York
Flynnstoned - Baytowne,OCM-RETL-25-000326,990413,2026-07-30,Delivered,Dragonfly,Dragonfly | Flower | 3.5g | Lemon Cherry Gelato,55,12.00,660.00,Net 30,M. Okafor,New York
Flynnstoned - Baytowne,OCM-RETL-25-000326,990414,2026-08-10,Delivered,Dragonfly,Dragonfly | Flower | 3.5g | Lemon Cherry Gelato,60,12.00,720.00,Net 15,J. Brady,New York
Flynnstoned - Baytowne,OCM-RETL-25-000326,990415,2026-08-21,Delivered,Dragonfly,Dragonfly | 1g All-In-One Vape | Blue Razz,35,15.00,525.00,Net 30,A. Torres,New York
Flynnstoned - Baytowne,OCM-RETL-25-000326,990416,2026-09-01,Delivered,Dragonfly,Dragonfly | 1g All-In-One Vape | Blue Razz,31,15.00,465.00,COD,A. Torres,New York
Flynnstoned - Baytowne,OCM-RETL-25-000326,990417,2026-09-11,Delivered,Dragonfly,Dragonfly | 1g All-In-One Vape | Blue Razz,26,15.00,390.00,Net 30,J. Brady,New York
Flynnstoned - Baytowne,OCM-RETL-25-000326,990418,2026-09-21,Delivered,Dragonfly,Dragonfly | Flower | 3.5g | Banana Cream Pie,68,12.00,816.00,COD,M. Okafor,New York
William Jane,OCM-CAURD-23-000006,990431,2026-07-04,Delivered,Dragonfly,Dragonfly | Flower | 3.5g | Dulce De Uva,88,12.00,1056.00,Net 15,J. Brady,New York
William Jane,OCM-CAURD-23-000006,990432,2026-07-20,Delivered,Dragonfly,Dragonfly | 1g Vape (50ct) | Lychee Dream,99,15.00,1485.00,Net 30,M. Okafor,New York
William Jane,OCM-CAURD-23-000006,990433,2026-08-05,Delivered,Dragonfly,Dragonfly | 1g Preroll (50ct) | Orange Creampop,236,3.50,826.00,Net 30,J. Brady,New York
William Jane,OCM-CAURD-23-000006,990434,2026-08-19,Delivered,Dragonfly,Dragonfly | 1g Preroll (50ct) | Orange Creampop,264,3.50,924.00,Net 30,J. Brady,New York
William Jane,OCM-CAURD-23-000006,990435,2026-09-03,Delivered,Dragonfly,Dragonfly | Flower | 3.5g | Dulce De Uva,134,12.00,1608.00,Net 15,J. Brady,New York
BK Exotic,OCM-CAURD-24-000048,990442,2026-06-12,Delivered,Dragonfly,Dragonfly | Flower | 3.5g | Lemon Cherry Gelato,87,12.00,1044.00,COD,S. Lindqvist,New York
BK Exotic,OCM-CAURD-24-000048,990443,2026-07-23,Delivered,Dragonfly,Dragonfly | Flower | 3.5g | Lemon Cherry Gelato,91,12.00,1092.00,Net 30,J. Brady,New York
BK Exotic,OCM-CAURD-24-000048,990444,2026-08-27,Delivered,Dragonfly,Dragonfly | Flower | 3.5g | Lemon Cherry Gelato,91,12.00,1092.00,Net 15,M. Okafor,New York
Polanco Brothers Ridgewood,OCM-RETL-24-000075,990466,2026-05-26,Delivered,Dragonfly,Dragonfly | Flower | 3.5g | Candy Fumez,126,12.00,1512.00,Net 30,M. Okafor,New York
Polanco Brothers Ridgewood,OCM-RETL-24-000075,990467,2026-06-02,Delivered,Dragonfly,Dragonfly | Flower | 3.5g | Banana Cream Pie,203,12.00,2436.00,Net 15,A. Torres,New York
Polanco Brothers Ridgewood,OCM-RETL-24-000075,990468,2026-06-08,Delivered,Dragonfly,Dragonfly | Flower | 3.5g | Banana Cream Pie,198,12.00,2376.00,Net 30,A. Torres,New York
Polanco Brothers Ridgewood,OCM-RETL-24-000075,990469,2026-06-14,Delivered,Dragonfly,Dragonfly | Flower | 3.5g | Candy Fumez,114,12.00,1368.00,COD,J. Brady,New York
Polanco Brothers Ridgewood,OCM-RETL-24-000075,990470,2026-06-20,Delivered,Dragonfly,Dragonfly | 1g Preroll (100ct) | Ice Cream Cookies,298,3.50,1043.00,Net 30,S. Lindqvist,New York
Polanco Brothers Ridgewood,OCM-RETL-24-000075,990471,2026-06-26,Delivered,Dragonfly,Dragonfly | 1g Preroll (100ct) | Ice Cream Cookies,260,3.50,910.00,COD,A. Torres,New York
Polanco Brothers Ridgewood,OCM-RETL-24-000075,990473,2026-07-06,Delivered,Dragonfly,Dragonfly | Flower | 3.5g | Candy Fumez,180,12.00,2160.00,Net 15,M. Okafor,New York
Polanco Brothers Ridgewood,OCM-RETL-24-000075,990474,2026-07-11,Delivered,Dragonfly,Dragonfly | 1g Preroll (100ct) | Ice Cream Cookies,248,3.50,868.00,Net 30,M. Okafor,New York
Polanco Brothers Ridgewood,OCM-RETL-24-000075,990475,2026-07-15,Delivered,Dragonfly,Dragonfly | Flower | 3.5g | Banana Cream Pie,200,12.00,2400.00,COD,S. Lindqvist,New York
Polanco Brothers Ridgewood,OCM-RETL-24-000075,990478,2026-07-28,Delivered,Dragonfly,Dragonfly | 1g Preroll (100ct) | Ice Cream Cookies,408,3.50,1428.00,COD,M. Okafor,New York
Polanco Brothers Ridgewood,OCM-RETL-24-000075,990479,2026-08-01,Delivered,Dragonfly,Dragonfly | Flower | 3.5g | Candy Fumez,175,12.00,2100.00,Net 30,M. Okafor,New York
Polanco Brothers Ridgewood,OCM-RETL-24-000075,990480,2026-08-05,Delivered,Dragonfly,Dragonfly | Flower | 3.5g | Banana Cream Pie,295,12.00,3540.00,Net 30,S. Lindqvist,New York
Polanco Brothers Ridgewood,OCM-RETL-24-000075,990481,2026-08-09,Delivered,Dragonfly,Dragonfly | Flower | 3.5g | Candy Fumez,178,12.00,2136.00,Net 30,A. Torres,New York
Polanco Brothers Ridgewood,OCM-RETL-24-000075,990483,2026-08-17,Delivered,Dragonfly,Dragonfly | Flower | 3.5g | Candy Fumez,232,12.00,2784.00,Net 30,A. Torres,New York
Polanco Brothers Ridgewood,OCM-RETL-24-000075,990484,2026-08-21,Delivered,Dragonfly,Dragonfly | 1g Preroll (100ct) | Ice Cream Cookies,284,3.50,994.00,COD,A. Torres,New York
Polanco Brothers Ridgewood,OCM-RETL-24-000075,990485,2026-08-25,Delivered,Dragonfly,Dragonfly | Flower | 3.5g | Banana Cream Pie,236,12.00,2832.00,Net 15,J. Brady,New York
Munchies Dispensary,OCM-CAURD-24-000203,990492,2026-06-24,Delivered,Dragonfly,Dragonfly | 1g Preroll (50ct) | Triple Cake,67,3.50,234.50,COD,A. Torres,New York
Munchies Dispensary,OCM-CAURD-24-000203,990493,2026-07-24,Delivered,Dragonfly,Dragonfly | 1g Preroll (50ct) | Northern Lights,60,3.50,210.00,Net 15,J. Brady,New York
Munchies Dispensary,OCM-CAURD-24-000203,990494,2026-08-27,Delivered,Dragonfly,Dragonfly | 1g Preroll (50ct) | Northern Lights,80,3.50,280.00,COD,J. Brady,New York
Torches NYC,OCM-CAURD-24-000077,990518,2026-05-28,Delivered,Dragonfly,Dragonfly | Flower | 3.5g | Nascar,52,12.00,624.00,COD,M. Okafor,New York
Torches NYC,OCM-CAURD-24-000077,990519,2026-06-03,Delivered,Dragonfly,Dragonfly | Flower | 3.5g | Jelly Donut,119,12.00,1428.00,COD,S. Lindqvist,New York
Torches NYC,OCM-CAURD-24-000077,990520,2026-06-09,Delivered,Dragonfly,Dragonfly | Flower | 3.5g | Nascar,83,12.00,996.00,Net 15,J. Brady,New York
Torches NYC,OCM-CAURD-24-000077,990521,2026-06-14,Delivered,Dragonfly,Dragonfly | Flower | 3.5g | Jelly Donut,179,12.00,2148.00,Net 30,A. Torres,New York
Torches NYC,OCM-CAURD-24-000077,990522,2026-06-19,Delivered,Dragonfly,Dragonfly | Flower | 3.5g | Jelly Donut,121,12.00,1452.00,Net 15,J. Brady,New York
Torches NYC,OCM-CAURD-24-000077,990524,2026-06-29,Delivered,Dragonfly,Dragonfly | Flower | 3.5g | Jelly Donut,190,12.00,2280.00,Net 30,S. Lindqvist,New York
Torches NYC,OCM-CAURD-24-000077,990525,2026-07-04,Delivered,Dragonfly,Dragonfly | Flower | 3.5g | Nascar,79,12.00,948.00,Net 30,S. Lindqvist,New York
Torches NYC,OCM-CAURD-24-000077,990526,2026-07-08,Delivered,Dragonfly,Dragonfly | 1g Preroll (50ct) | Jelly Donutz,857,3.50,2999.50,COD,M. Okafor,New York
Torches NYC,OCM-CAURD-24-000077,990527,2026-07-12,Delivered,Dragonfly,Dragonfly | Flower | 3.5g | Jelly Donut,199,12.00,2388.00,Net 30,S. Lindqvist,New York
Torches NYC,OCM-CAURD-24-000077,990528,2026-07-16,Delivered,Dragonfly,Dragonfly | Flower | 3.5g | Nascar,64,12.00,768.00,Net 15,M. Okafor,New York
Torches NYC,OCM-CAURD-24-000077,990529,2026-07-20,Delivered,Dragonfly,Dragonfly | Flower | 3.5g | Jelly Donut,129,12.00,1548.00,Net 30,J. Brady,New York
Torches NYC,OCM-CAURD-24-000077,990530,2026-07-24,Delivered,Dragonfly,Dragonfly | Flower | 3.5g | Nascar,87,12.00,1044.00,Net 30,M. Okafor,New York
Torches NYC,OCM-CAURD-24-000077,990531,2026-07-28,Delivered,Dragonfly,Dragonfly | Flower | 3.5g | Jelly Donut,178,12.00,2136.00,Net 30,M. Okafor,New York
Torches NYC,OCM-CAURD-24-000077,990532,2026-08-01,Delivered,Dragonfly,Dragonfly | Flower | 3.5g | Nascar,98,12.00,1176.00,Net 30,S. Lindqvist,New York
Torches NYC,OCM-CAURD-24-000077,990533,2026-08-05,Delivered,Dragonfly,Dragonfly | Flower | 3.5g | Jelly Donut,139,12.00,1668.00,Net 30,S. Lindqvist,New York
Torches NYC,OCM-CAURD-24-000077,990534,2026-08-09,Delivered,Dragonfly,Dragonfly | Flower | 3.5g | Jelly Donut,157,12.00,1884.00,Net 30,S. Lindqvist,New York
Society House,OCM-CAURD-24-000162,990541,2026-06-17,Delivered,Dragonfly,Dragonfly | 1g Preroll (50ct) | Blue Dream,44,3.50,154.00,Net 15,S. Lindqvist,New York
Society House,OCM-CAURD-24-000162,990542,2026-09-03,Delivered,Dragonfly,Dragonfly | 1g Preroll (50ct) | Blue Dream,29,3.50,101.50,COD,M. Okafor,New York
Leafy Peaks,OCM-CAURD-24-000099,990583,2026-05-27,Delivered,Dragonfly,Dragonfly | Flower | 3.5g | Candy Fumez,710,12.00,8520.00,COD,A. Torres,New York
Sweet Life,OCM-RETL-24-000107,990590,2026-06-24,Delivered,Dragonfly,Dragonfly | 1g Preroll (50ct) | Headband,79,3.50,276.50,Net 30,J. Brady,New York
Sweet Life,OCM-RETL-24-000107,990591,2026-08-01,Delivered,Dragonfly,Dragonfly | 1g Preroll (50ct) | Headband,61,3.50,213.50,Net 30,S. Lindqvist,New York
Sweet Life,OCM-RETL-24-000107,990592,2026-09-02,Delivered,Dragonfly,Dragonfly | 1g Preroll (50ct) | Headband,97,3.50,339.50,Net 15,A. Torres,New York
3rd Rock Cannabis,OCM-RETL-24-000209,990645,2026-06-03,Delivered,Dragonfly,Dragonfly | Flower | 3.5g | Black Maple,35,12.00,420.00,Net 15,M. Okafor,New York
3rd Rock Cannabis,OCM-RETL-24-000209,990646,2026-06-18,Delivered,Dragonfly,Dragonfly | Flower | 3.5g | Black Maple,58,12.00,696.00,Net 30,S. Lindqvist,New York
3rd Rock Cannabis,OCM-RETL-24-000209,990647,2026-07-02,Delivered,Dragonfly,Dragonfly | Flower | 3.5g | Black Maple,49,12.00,588.00,COD,M. Okafor,New York
3rd Rock Cannabis,OCM-RETL-24-000209,990648,2026-07-16,Delivered,Dragonfly,Dragonfly | Flower | 3.5g | Black Maple,41,12.00,492.00,Net 30,A. Torres,New York
3rd Rock Cannabis,OCM-RETL-24-000209,990649,2026-07-29,Delivered,Dragonfly,Dragonfly | Flower | 3.5g | Black Maple,55,12.00,660.00,Net 30,S. Lindqvist,New York
3rd Rock Cannabis,OCM-RETL-24-000209,990650,2026-08-10,Delivered,Dragonfly,Dragonfly | Flower | 3.5g | Black Maple,44,12.00,528.00,Net 30,M. Okafor,New York
3rd Rock Cannabis,OCM-RETL-24-000209,990651,2026-08-24,Delivered,Dragonfly,Dragonfly | Flower | 3.5g | Black Maple,46,12.00,552.00,COD,M. Okafor,New York
3rd Rock Cannabis,OCM-RETL-24-000209,990652,2026-09-05,Delivered,Dragonfly,Dragonfly | Flower | 3.5g | Black Maple,43,12.00,516.00,Net 15,M. Okafor,New York
3rd Rock Cannabis,OCM-RETL-24-000209,990653,2026-09-16,Delivered,Dragonfly,Dragonfly | Flower | 3.5g | Black Maple,59,12.00,708.00,Net 15,J. Brady,New York
BESTBUDZ,OCM-RETL-25-000290,990662,2026-05-31,Delivered,Dragonfly,Dragonfly | 1g All-In-One Vape | Rainbow Beltz,33,15.00,495.00,Net 30,J. Brady,New York
BESTBUDZ,OCM-RETL-25-000290,990663,2026-06-22,Delivered,Dragonfly,Dragonfly | 1g All-In-One Vape | Rainbow Beltz,35,15.00,525.00,COD,M. Okafor,New York
BESTBUDZ,OCM-RETL-25-000290,990664,2026-07-17,Delivered,Dragonfly,Dragonfly | 1g All-In-One Vape | Rainbow Beltz,36,15.00,540.00,Net 15,S. Lindqvist,New York
BESTBUDZ,OCM-RETL-25-000290,990665,2026-08-06,Delivered,Dragonfly,Dragonfly | 1g All-In-One Vape | Rainbow Beltz,56,15.00,840.00,Net 30,A. Torres,New York
BESTBUDZ,OCM-RETL-25-000290,990666,2026-08-27,Delivered,Dragonfly,Dragonfly | 1g All-In-One Vape | Rainbow Beltz,52,15.00,780.00,Net 30,M. Okafor,New York
BESTBUDZ,OCM-RETL-25-000290,990667,2026-09-17,Delivered,Dragonfly,Dragonfly | 1g All-In-One Vape | Rainbow Beltz,54,15.00,810.00,Net 15,M. Okafor,New York
Forever 420,OCM-RETL-24-000133,990717,2026-05-31,Delivered,Dragonfly,Dragonfly | 1g Preroll (50ct) | Chernobyl,81,3.50,283.50,Net 30,S. Lindqvist,New York
Forever 420,OCM-RETL-24-000133,990718,2026-06-26,Delivered,Dragonfly,Dragonfly | 1g Preroll (50ct) | Chernobyl,66,3.50,231.00,Net 30,J. Brady,New York
Forever 420,OCM-RETL-24-000133,990719,2026-07-16,Delivered,Dragonfly,Dragonfly | 1g Preroll (50ct) | Chernobyl,110,3.50,385.00,Net 30,A. Torres,New York
Forever 420,OCM-RETL-24-000133,990720,2026-08-05,Delivered,Dragonfly,Dragonfly | 1g Preroll (50ct) | Chernobyl,79,3.50,276.50,Net 15,J. Brady,New York
Forever 420,OCM-RETL-24-000133,990721,2026-08-26,Delivered,Dragonfly,Dragonfly | 1g Preroll (50ct) | Chernobyl,111,3.50,388.50,Net 15,M. Okafor,New York
Forever 420,OCM-RETL-24-000133,990722,2026-09-16,Delivered,Dragonfly,Dragonfly | 1g Preroll (50ct) | Chernobyl,113,3.50,395.50,Net 30,A. Torres,New York
Misha's Flower Shop,OCM-CAURD-24-000094,990733,2026-05-30,Delivered,Dragonfly,Dragonfly | 1g All-In-One Vape | Rainbow Beltz,46,15.00,690.00,COD,J. Brady,New York
Misha's Flower Shop,OCM-CAURD-24-000094,990734,2026-06-17,Delivered,Dragonfly,Dragonfly | 1g All-In-One Vape | Rainbow Beltz,57,15.00,855.00,Net 15,M. Okafor,New York
Misha's Flower Shop,OCM-CAURD-24-000094,990735,2026-07-01,Delivered,Dragonfly,Dragonfly | 1g All-In-One Vape | Rainbow Beltz,56,15.00,840.00,Net 30,J. Brady,New York
Misha's Flower Shop,OCM-CAURD-24-000094,990736,2026-07-15,Delivered,Dragonfly,Dragonfly | 1g All-In-One Vape | Rainbow Beltz,44,15.00,660.00,COD,A. Torres,New York
Misha's Flower Shop,OCM-CAURD-24-000094,990737,2026-08-01,Delivered,Dragonfly,Dragonfly | 1g All-In-One Vape | Rainbow Beltz,53,15.00,795.00,Net 30,A. Torres,New York
Misha's Flower Shop,OCM-CAURD-24-000094,990738,2026-08-14,Delivered,Dragonfly,Dragonfly | 1g All-In-One Vape | Rainbow Beltz,52,15.00,780.00,Net 15,S. Lindqvist,New York
Misha's Flower Shop,OCM-CAURD-24-000094,990739,2026-08-27,Delivered,Dragonfly,Dragonfly | 1g All-In-One Vape | Rainbow Beltz,47,15.00,705.00,COD,M. Okafor,New York
Misha's Flower Shop,OCM-CAURD-24-000094,990740,2026-09-11,Delivered,Dragonfly,Dragonfly | 1g All-In-One Vape | Rainbow Beltz,42,15.00,630.00,COD,J. Brady,New York
NYC Bud - Midtown,OCM-CAURD-25-000291,990749,2026-06-03,Delivered,Dragonfly,Dragonfly | Flower | 3.5g | Lemon Cherry Gelato,35,12.00,420.00,Net 30,J. Brady,New York
NYC Bud - Midtown,OCM-CAURD-25-000291,990750,2026-06-24,Delivered,Dragonfly,Dragonfly | Flower | 3.5g | Lemon Cherry Gelato,44,12.00,528.00,Net 15,A. Torres,New York
NYC Bud - Midtown,OCM-CAURD-25-000291,990751,2026-07-16,Delivered,Dragonfly,Dragonfly | Flower | 3.5g | Lemon Cherry Gelato,37,12.00,444.00,Net 30,M. Okafor,New York
NYC Bud - Midtown,OCM-CAURD-25-000291,990752,2026-08-06,Delivered,Dragonfly,Dragonfly | Flower | 3.5g | Lemon Cherry Gelato,57,12.00,684.00,COD,M. Okafor,New York
NYC Bud - Midtown,OCM-CAURD-25-000291,990753,2026-08-28,Delivered,Dragonfly,Dragonfly | Flower | 3.5g | Lemon Cherry Gelato,49,12.00,588.00,Net 15,M. Okafor,New York
NYC Bud - Midtown,OCM-CAURD-25-000291,990754,2026-09-17,Delivered,Dragonfly,Dragonfly | Flower | 3.5g | Lemon Cherry Gelato,59,12.00,708.00,Net 30,A. Torres,New York
NYC Bud - Long Island City,OCM-CAURD-24-000060,990760,2026-05-28,Delivered,Dragonfly,Dragonfly | Flower | 3.5g | GSC,31,12.00,372.00,Net 30,S. Lindqvist,New York
NYC Bud - Long Island City,OCM-CAURD-24-000060,990761,2026-07-04,Delivered,Dragonfly,Dragonfly | Flower | 3.5g | GSC,34,12.00,408.00,Net 30,M. Okafor,New York
NYC Bud - Long Island City,OCM-CAURD-24-000060,990762,2026-08-07,Delivered,Dragonfly,Dragonfly | 1g Preroll (50ct) | Death Star,88,3.50,308.00,Net 15,A. Torres,New York
NYC Bud - Long Island City,OCM-CAURD-24-000060,990763,2026-09-07,Delivered,Dragonfly,Dragonfly | Flower | 3.5g | GSC,42,12.00,504.00,COD,A. Torres,New York
Bronx Joint,OCM-CAURD-24-000064,990775,2026-06-08,Delivered,Dragonfly,Dragonfly | 1g Vape Cart (50ct) | Blue Razz,80,12.00,960.00,Net 30,A. Torres,New York
Bronx Joint,OCM-CAURD-24-000064,990776,2026-06-23,Delivered,Dragonfly,Dragonfly | 1g Vape (50ct) | Lemon Drop,92,15.00,1380.00,Net 30,S. Lindqvist,New York
Bronx Joint,OCM-CAURD-24-000064,990777,2026-07-10,Delivered,Dragonfly,Dragonfly | 1g Vape Cart (50ct) | Blue Razz,86,12.00,1032.00,Net 30,A. Torres,New York
Bronx Joint,OCM-CAURD-24-000064,990778,2026-07-26,Delivered,Dragonfly,Dragonfly | 1g Preroll (100ct) | Skittlez,234,3.50,819.00,Net 30,J. Brady,New York
Bronx Joint,OCM-CAURD-24-000064,990779,2026-08-10,Delivered,Dragonfly,Dragonfly | 1g Vape (50ct) | Lemon Drop,116,15.00,1740.00,COD,A. Torres,New York
Bronx Joint,OCM-CAURD-24-000064,990780,2026-08-26,Delivered,Dragonfly,Dragonfly | 1g All-In-One Vape | Rainbow Beltz,53,15.00,795.00,Net 30,S. Lindqvist,New York
Bronx Joint,OCM-CAURD-24-000064,990781,2026-09-08,Delivered,Dragonfly,Dragonfly | 1g Vape Cart (50ct) | Blue Razz,126,12.00,1512.00,COD,J. Brady,New York
Bronx Joint,OCM-CAURD-24-000064,990782,2026-09-21,Delivered,Dragonfly,Dragonfly | 1g Vape Cart (50ct) | Blue Razz,120,12.00,1440.00,Net 30,J. Brady,New York
Union Chill,OCM-CAURD-25-000269,990799,2026-05-28,Delivered,Dragonfly,Dragonfly | 1g Preroll (50ct) | Sour Lemons,102,3.50,357.00,Net 30,A. Torres,New York
Union Chill,OCM-CAURD-25-000269,990800,2026-06-06,Delivered,Dragonfly,Dragonfly | 1.25g Infused Preroll | Watermelon Skittlez,83,5.00,415.00,Net 30,M. Okafor,New York
Union Chill,OCM-CAURD-25-000269,990801,2026-06-16,Delivered,Dragonfly,Dragonfly | 1g All-In-One Vape | Rainbow Beltz,64,15.00,960.00,Net 30,A. Torres,New York
Union Chill,OCM-CAURD-25-000269,990802,2026-06-24,Delivered,Dragonfly,Dragonfly | 1.25g Infused Preroll | Watermelon Skittlez,142,5.00,710.00,Net 30,S. Lindqvist,New York
Union Chill,OCM-CAURD-25-000269,990803,2026-07-02,Delivered,Dragonfly,Dragonfly | 1g Preroll (50ct) | Honey Banana,182,3.50,637.00,COD,A. Torres,New York
Union Chill,OCM-CAURD-25-000269,990804,2026-07-10,Delivered,Dragonfly,Dragonfly | 1g All-In-One Vape | Rainbow Beltz,71,15.00,1065.00,Net 15,A. Torres,New York
Union Chill,OCM-CAURD-25-000269,990805,2026-07-19,Delivered,Dragonfly,Dragonfly | 1g Preroll (50ct) | Sour Lemons,108,3.50,378.00,Net 30,S. Lindqvist,New York
Union Chill,OCM-CAURD-25-000269,990806,2026-07-26,Delivered,Dragonfly,Dragonfly | 1g Preroll (50ct) | Honey Banana,325,3.50,1137.50,Net 30,S. Lindqvist,New York
Union Chill,OCM-CAURD-25-000269,990807,2026-08-02,Delivered,Dragonfly,Dragonfly | 1g Preroll (50ct) | Honey Banana,295,3.50,1032.50,Net 15,M. Okafor,New York
Union Chill,OCM-CAURD-25-000269,990808,2026-08-08,Delivered,Dragonfly,Dragonfly | 1g Preroll (50ct) | Sour Lemons,118,3.50,413.00,COD,M. Okafor,New York
Union Chill,OCM-CAURD-25-000269,990809,2026-08-16,Delivered,Dragonfly,Dragonfly | 1g All-In-One Vape | Rainbow Beltz,79,15.00,1185.00,Net 15,M. Okafor,New York
Union Chill,OCM-CAURD-25-000269,990810,2026-08-22,Delivered,Dragonfly,Dragonfly | 1g Preroll (50ct) | Honey Banana,343,3.50,1200.50,Net 30,M. Okafor,New York
Union Chill,OCM-CAURD-25-000269,990811,2026-08-28,Delivered,Dragonfly,Dragonfly | 1g Preroll (50ct) | Sour Lemons,124,3.50,434.00,Net 30,S. Lindqvist,New York
Union Chill,OCM-CAURD-25-000269,990812,2026-09-03,Delivered,Dragonfly,Dragonfly | 1.25g Infused Preroll | Watermelon Skittlez,173,5.00,865.00,COD,M. Okafor,New York
Union Chill,OCM-CAURD-25-000269,990813,2026-09-08,Delivered,Dragonfly,Dragonfly | 1g Preroll (50ct) | Sour Lemons,152,3.50,532.00,Net 30,S. Lindqvist,New York
Union Chill,OCM-CAURD-25-000269,990814,2026-09-14,Delivered,Dragonfly,Dragonfly | 1g Preroll (50ct) | Honey Banana,270,3.50,945.00,Net 30,S. Lindqvist,New York
Union Chill,OCM-CAURD-25-000269,990815,2026-09-20,Delivered,Dragonfly,Dragonfly | 1.25g Infused Preroll | Watermelon Skittlez,128,5.00,640.00,Net 30,J. Brady,New York
Smiley Exotics,OCM-CAURD-24-000096,990876,2026-05-26,Delivered,Dragonfly,Dragonfly | 1g Vape (50ct) | Green Apple,134,15.00,2010.00,Net 30,S. Lindqvist,New York
Smiley Exotics,OCM-CAURD-24-000096,990877,2026-06-04,Delivered,Dragonfly,Dragonfly | 1g Preroll (50ct) | Honey Banana,250,3.50,875.00,COD,M. Okafor,New York
Smiley Exotics,OCM-CAURD-24-000096,990878,2026-06-12,Delivered,Dragonfly,Dragonfly | 1g Preroll (50ct) | Orange Creampop,316,3.50,1106.00,COD,S. Lindqvist,New York
Smiley Exotics,OCM-CAURD-24-000096,990879,2026-06-19,Delivered,Dragonfly,Dragonfly | 1g Preroll (50ct) | Jelly Donutz,484,3.50,1694.00,Net 30,A. Torres,New York
Smiley Exotics,OCM-CAURD-24-000096,990880,2026-06-25,Delivered,Dragonfly,Dragonfly | 1g Preroll (50ct) | Jelly Donutz,40,3.50,140.00,Net 30,A. Torres,New York
Smiley Exotics,OCM-CAURD-24-000096,990881,2026-07-02,Delivered,Dragonfly,Dragonfly | 1g Preroll (50ct) | Honey Banana,258,3.50,903.00,Net 30,J. Brady,New York
Smiley Exotics,OCM-CAURD-24-000096,990882,2026-07-08,Delivered,Dragonfly,Dragonfly | 1.25g Infused Preroll | Watermelon Skittlez,163,5.00,815.00,Net 30,J. Brady,New York
Smiley Exotics,OCM-CAURD-24-000096,990883,2026-07-13,Delivered,Dragonfly,Dragonfly | 1g Preroll (50ct) | Orange Creampop,357,3.50,1249.50,Net 30,A. Torres,New York
Smiley Exotics,OCM-CAURD-24-000096,990884,2026-07-18,Delivered,Dragonfly,Dragonfly | 1g Preroll (50ct) | Jelly Donutz,515,3.50,1802.50,Net 30,J. Brady,New York
Smiley Exotics,OCM-CAURD-24-000096,990885,2026-07-23,Delivered,Dragonfly,Dragonfly | 1g Preroll (50ct) | Jelly Donutz,630,3.50,2205.00,Net 30,S. Lindqvist,New York
Smiley Exotics,OCM-CAURD-24-000096,990886,2026-07-28,Delivered,Dragonfly,Dragonfly | 1g Preroll (50ct) | Honey Banana,309,3.50,1081.50,Net 15,M. Okafor,New York
Smiley Exotics,OCM-CAURD-24-000096,990887,2026-08-01,Delivered,Dragonfly,Dragonfly | 1.25g Infused Preroll | Watermelon Skittlez,199,5.00,995.00,Net 30,A. Torres,New York
Smiley Exotics,OCM-CAURD-24-000096,990888,2026-08-06,Delivered,Dragonfly,Dragonfly | 1g Preroll (50ct) | Honey Banana,313,3.50,1095.50,Net 30,J. Brady,New York
Smiley Exotics,OCM-CAURD-24-000096,990889,2026-08-10,Delivered,Dragonfly,Dragonfly | 1g Preroll (50ct) | Chernobyl,365,3.50,1277.50,Net 30,J. Brady,New York
Smiley Exotics,OCM-CAURD-24-000096,990890,2026-08-14,Delivered,Dragonfly,Dragonfly | 1g Preroll (50ct) | Jelly Donutz,53,3.50,185.50,Net 15,J. Brady,New York
Smiley Exotics,OCM-CAURD-24-000096,990891,2026-08-18,Delivered,Dragonfly,Dragonfly | 1g Preroll (50ct) | Skittlez,183,3.50,640.50,Net 15,A. Torres,New York
Smiley Exotics,OCM-CAURD-24-000096,990892,2026-08-22,Delivered,Dragonfly,Dragonfly | 1g Preroll (50ct) | Orange Creampop,386,3.50,1351.00,Net 30,J. Brady,New York
Smiley Exotics,OCM-CAURD-24-000096,990893,2026-08-26,Delivered,Dragonfly,Dragonfly | 1g Preroll (50ct) | Skittlez,189,3.50,661.50,COD,A. Torres,New York
Smiley Exotics,OCM-CAURD-24-000096,990894,2026-08-30,Delivered,Dragonfly,Dragonfly | 1g Preroll (50ct) | Chernobyl,406,3.50,1421.00,Net 30,S. Lindqvist,New York
Smiley Exotics,OCM-CAURD-24-000096,990895,2026-09-03,Delivered,Dragonfly,Dragonfly | 1g Preroll (50ct) | Orange Creampop,306,3.50,1071.00,COD,S. Lindqvist,New York
Smiley Exotics,OCM-CAURD-24-000096,990896,2026-09-07,Delivered,Dragonfly,Dragonfly | 1g Preroll (50ct) | Skittlez,196,3.50,686.00,Net 15,M. Okafor,New York
Smiley Exotics,OCM-CAURD-24-000096,990897,2026-09-11,Delivered,Dragonfly,Dragonfly | 1g Preroll (50ct) | Jelly Donutz,718,3.50,2513.00,COD,J. Brady,New York
NugHub NY,OCM-CAURD-24-000183,990900,2026-07-07,Delivered,Dragonfly,Dragonfly | 1g Preroll (50ct) | GG#4,38,3.50,133.00,Net 30,S. Lindqvist,New York
County Road Cannabis,OCM-RETL-24-000059,990911,2026-06-11,Delivered,Dragonfly,Dragonfly | 1.25g Infused Preroll | Just Peachy,76,5.00,380.00,COD,A. Torres,New York
County Road Cannabis,OCM-RETL-24-000059,990912,2026-06-29,Delivered,Dragonfly,Dragonfly | 1.25g Infused Preroll | Just Peachy,103,5.00,515.00,Net 15,J. Brady,New York
County Road Cannabis,OCM-RETL-24-000059,990913,2026-07-16,Delivered,Dragonfly,Dragonfly | 1g All-In-One Vape | Double Bubble OG,52,15.00,780.00,Net 30,M. Okafor,New York
County Road Cannabis,OCM-RETL-24-000059,990914,2026-08-01,Delivered,Dragonfly,Dragonfly | 1g All-In-One Vape | Double Bubble OG,53,15.00,795.00,Net 30,A. Torres,New York
County Road Cannabis,OCM-RETL-24-000059,990915,2026-08-19,Delivered,Dragonfly,Dragonfly | 1g All-In-One Vape | Double Bubble OG,38,15.00,570.00,Net 15,J. Brady,New York
County Road Cannabis,OCM-RETL-24-000059,990916,2026-09-04,Delivered,Dragonfly,Dragonfly | 1g All-In-One Vape | Double Bubble OG,41,15.00,615.00,Net 15,A. Torres,New York
County Road Cannabis,OCM-RETL-24-000059,990917,2026-09-18,Delivered,Dragonfly,Dragonfly | Flower | 3.5g | Dulce De Uva,53,12.00,636.00,Net 30,M. Okafor,New York
House of Strains,OCM-CAURD-24-000123,990928,2026-06-05,Delivered,Dragonfly,Dragonfly | 1g Preroll (100ct) | Triple Cake,138,3.50,483.00,COD,S. Lindqvist,New York
House of Strains,OCM-CAURD-24-000123,990929,2026-06-24,Delivered,Dragonfly,Dragonfly | 1g Preroll (50ct) | Garlic Budder,88,3.50,308.00,Net 30,J. Brady,New York
House of Strains,OCM-CAURD-24-000123,990931,2026-07-28,Delivered,Dragonfly,Dragonfly | 1g Preroll (100ct) | Triple Cake,207,3.50,724.50,Net 15,J. Brady,New York
House of Strains,OCM-CAURD-24-000123,990932,2026-08-13,Delivered,Dragonfly,Dragonfly | 1g Preroll (50ct) | Garlic Budder,98,3.50,343.00,COD,M. Okafor,New York
House of Strains,OCM-CAURD-24-000123,990933,2026-08-29,Delivered,Dragonfly,Dragonfly | 1g Preroll (100ct) | Triple Cake,257,3.50,899.50,Net 30,M. Okafor,New York
House of Strains,OCM-CAURD-24-000123,990934,2026-09-13,Delivered,Dragonfly,Dragonfly | 1g Preroll (100ct) | Triple Cake,260,3.50,910.00,COD,J. Brady,New York
Twisted Vibration,OCM-CAURD-24-000191,990937,2026-07-24,Delivered,Dragonfly,Dragonfly | 1g Preroll (100ct) | Jelly Donutz,108,3.50,378.00,Net 30,J. Brady,New York
RR Legacy Dispensary,OCM-RETL-24-000142,990948,2026-06-11,Delivered,Dragonfly,Dragonfly | Flower | 3.5g | Dulce De Uva,49,12.00,588.00,Net 30,A. Torres,New York
RR Legacy Dispensary,OCM-RETL-24-000142,990949,2026-06-30,Delivered,Dragonfly,Naka | 1g Vape Cart (50ct) | Apple Dream,71,12.00,852.00,COD,S. Lindqvist,New York
RR Legacy Dispensary,OCM-RETL-24-000142,990950,2026-07-21,Delivered,Dragonfly,Dragonfly | Flower | 3.5g | Dulce De Uva,53,12.00,636.00,Net 15,S. Lindqvist,New York
RR Legacy Dispensary,OCM-RETL-24-000142,990951,2026-08-08,Delivered,Dragonfly,Naka | 1g Vape Cart (50ct) | Apple Dream,101,12.00,1212.00,Net 30,A. Torres,New York
RR Legacy Dispensary,OCM-RETL-24-000142,990952,2026-08-25,Delivered,Dragonfly,Dragonfly | Flower | 3.5g | Dulce De Uva,39,12.00,468.00,Net 30,A. Torres,New York
RR Legacy Dispensary,OCM-RETL-24-000142,990953,2026-09-10,Delivered,Dragonfly,Dragonfly | Flower | 3.5g | Dulce De Uva,57,12.00,684.00,COD,A. Torres,New York
Just A Little Higher - Troy,OCM-CAURD-23-000032,990962,2026-05-25,Delivered,Dragonfly,Dragonfly | 1g Vape Cart (50ct) | Lychee Dream,69,12.00,828.00,Net 15,A. Torres,New York
Just A Little Higher - Troy,OCM-CAURD-23-000032,990963,2026-06-20,Delivered,Dragonfly,Dragonfly | 1g Vape Cart (50ct) | Lychee Dream,86,12.00,1032.00,COD,M. Okafor,New York
Just A Little Higher - Troy,OCM-CAURD-23-000032,990964,2026-07-11,Delivered,Dragonfly,Dragonfly | 1g Vape Cart (50ct) | Lychee Dream,101,12.00,1212.00,Net 30,J. Brady,New York
Just A Little Higher - Troy,OCM-CAURD-23-000032,990965,2026-07-30,Delivered,Dragonfly,Dragonfly | 1g Vape Cart (50ct) | Lychee Dream,106,12.00,1272.00,Net 30,J. Brady,New York
Just A Little Higher - Troy,OCM-CAURD-23-000032,990966,2026-08-19,Delivered,Dragonfly,Dragonfly | 1g Vape Cart (50ct) | Lychee Dream,87,12.00,1044.00,Net 30,M. Okafor,New York
Just A Little Higher - Troy,OCM-CAURD-23-000032,990967,2026-09-05,Delivered,Dragonfly,Dragonfly | 1g Vape Cart (50ct) | Lychee Dream,113,12.00,1356.00,COD,S. Lindqvist,New York
Liberty Buds,OCM-CAURD-24-000075,990975,2026-06-23,Delivered,Dragonfly,Dragonfly | 1g Preroll (50ct) | NYC Diesel,117,3.50,409.50,COD,M. Okafor,New York
Liberty Buds,OCM-CAURD-24-000075,990976,2026-07-24,Delivered,Dragonfly,Dragonfly | 1g Preroll (50ct) | NYC Diesel,179,3.50,626.50,Net 30,A. Torres,New York
Liberty Buds,OCM-CAURD-24-000075,990977,2026-08-20,Delivered,Dragonfly,Dragonfly | 1g Preroll (50ct) | NYC Diesel,186,3.50,651.00,Net 30,S. Lindqvist,New York
Liberty Buds,OCM-CAURD-24-000075,990978,2026-09-18,Delivered,Dragonfly,Dragonfly | 1g Preroll (50ct) | NYC Diesel,215,3.50,752.50,Net 30,S. Lindqvist,New York
Happy Times Cannabis Co - Niagara Falls,OCM-RETL-24-000245,990985,2026-06-23,Delivered,Dragonfly,Dragonfly | 1g Preroll (50ct) | Wedding Cake,179,3.50,626.50,COD,M. Okafor,New York
Happy Times Cannabis Co - Niagara Falls,OCM-RETL-24-000245,990986,2026-07-23,Delivered,Dragonfly,Dragonfly | Flower | 3.5g | Garlic Budder,45,12.00,540.00,Net 15,J. Brady,New York
Happy Times Cannabis Co - Niagara Falls,OCM-RETL-24-000245,990987,2026-08-27,Delivered,Dragonfly,Dragonfly | 1g Preroll (50ct) | Wedding Cake,176,3.50,616.00,Net 30,S. Lindqvist,New York
Thrive Syracuse,OCM-CAURD-24-000224,990995,2026-05-31,Delivered,Dragonfly,Dragonfly | 1g Preroll (50ct) | Garlic Budder,82,3.50,287.00,Net 30,S. Lindqvist,New York
Thrive Syracuse,OCM-CAURD-24-000224,990996,2026-06-25,Delivered,Dragonfly,Dragonfly | 1g Preroll (50ct) | Garlic Budder,91,3.50,318.50,Net 30,M. Okafor,New York
Thrive Syracuse,OCM-CAURD-24-000224,990997,2026-07-24,Delivered,Dragonfly,Dragonfly | 1g Preroll (50ct) | Garlic Budder,71,3.50,248.50,Net 30,S. Lindqvist,New York
Thrive Syracuse,OCM-CAURD-24-000224,990998,2026-08-22,Delivered,Dragonfly,Dragonfly | 1g Preroll (50ct) | Garlic Budder,83,3.50,290.50,Net 15,M. Okafor,New York
Thrive Syracuse,OCM-CAURD-24-000224,990999,2026-09-19,Delivered,Dragonfly,Dragonfly | 1g Preroll (50ct) | Garlic Budder,90,3.50,315.00,Net 30,J. Brady,New York
Kushmart - Brooklyn,OCM-CAURD-24-000219,991007,2026-06-17,Delivered,Dragonfly,Dragonfly | 1g Preroll (50ct) | Green Crack,76,3.50,266.00,Net 15,J. Brady,New York
Kushmart - Brooklyn,OCM-CAURD-24-000219,991008,2026-07-18,Delivered,Dragonfly,Dragonfly | 1g Vape Cart (50ct) | Orange Creamsicle,75,12.00,900.00,Net 30,S. Lindqvist,New York
Kushmart - Brooklyn,OCM-CAURD-24-000219,991009,2026-08-19,Delivered,Dragonfly,Dragonfly | 1g Preroll (50ct) | GG#4,62,3.50,217.00,Net 30,M. Okafor,New York
Kushmart - Brooklyn,OCM-CAURD-24-000219,991010,2026-09-16,Delivered,Dragonfly,Dragonfly | 1g Preroll (50ct) | Green Crack,85,3.50,297.50,Net 30,A. Torres,New York
Loudpack Exotics,OCM-CAURD-24-000117,991014,2026-09-02,Delivered,Dragonfly,Dragonfly | 1g Preroll (50ct) | Orange Creampop,36,3.50,126.00,COD,S. Lindqvist,New York
Domes Dispensary,OCM-RETL-24-000066,991022,2026-07-17,Delivered,Dragonfly,Dragonfly | 1g Preroll (50ct) | Wedding Cake,37,3.50,129.50,Net 30,M. Okafor,New York
Legacy Dispensary,OCM-CAURD-24-000058,991030,2026-06-13,Delivered,Dragonfly,Dragonfly | Flower | 3.5g | Jelly Donut,32,12.00,384.00,Net 30,S. Lindqvist,New York
Legacy Dispensary,OCM-CAURD-24-000058,991031,2026-07-16,Delivered,Dragonfly,Dragonfly | Flower | 3.5g | Jelly Donut,36,12.00,432.00,Net 15,A. Torres,New York
Legacy Dispensary,OCM-CAURD-24-000058,991032,2026-08-14,Delivered,Dragonfly,Dragonfly | Flower | 3.5g | Jelly Donut,36,12.00,432.00,Net 30,J. Brady,New York
Legacy Dispensary,OCM-CAURD-24-000058,991033,2026-09-11,Delivered,Dragonfly,Dragonfly | Flower | 3.5g | Jelly Donut,35,12.00,420.00,Net 30,J. Brady,New York
Command Cannabis,OCM-RETL-24-000145,991046,2026-06-05,Delivered,Dragonfly,Dragonfly | 1g Preroll (50ct) | Triple Cake,88,3.50,308.00,Net 30,J. Brady,New York
Command Cannabis,OCM-RETL-24-000145,991047,2026-06-22,Delivered,Dragonfly,Dragonfly | 1g Preroll (50ct) | Triple Cake,88,3.50,308.00,COD,S. Lindqvist,New York
Command Cannabis,OCM-RETL-24-000145,991048,2026-07-09,Delivered,Dragonfly,Dragonfly | 1g Preroll (50ct) | Triple Cake,79,3.50,276.50,Net 30,S. Lindqvist,New York
Command Cannabis,OCM-RETL-24-000145,991049,2026-07-25,Delivered,Dragonfly,Dragonfly | 1g Preroll (50ct) | Triple Cake,108,3.50,378.00,Net 30,J. Brady,New York
Command Cannabis,OCM-RETL-24-000145,991050,2026-08-09,Delivered,Dragonfly,Dragonfly | 1g Preroll (50ct) | Triple Cake,116,3.50,406.00,COD,J. Brady,New York
Command Cannabis,OCM-RETL-24-000145,991051,2026-08-22,Delivered,Dragonfly,Dragonfly | 1g Preroll (50ct) | Triple Cake,126,3.50,441.00,COD,A. Torres,New York
Command Cannabis,OCM-RETL-24-000145,991052,2026-09-04,Delivered,Dragonfly,Dragonfly | 1g Preroll (50ct) | Triple Cake,85,3.50,297.50,COD,J. Brady,New York
Command Cannabis,OCM-RETL-24-000145,991053,2026-09-16,Delivered,Dragonfly,Dragonfly | 1g Preroll (50ct) | Triple Cake,150,3.50,525.00,Net 30,J. Brady,New York
Canna Family,OCM-CAURD-25-000279,991058,2026-08-17,Delivered,Dragonfly,Dragonfly | 1g Preroll (50ct) | Kush Mintz,27,3.50,94.50,Net 30,J. Brady,New York
Herbarium Queens,OCM-RETL-24-000078,991079,2026-05-27,Delivered,Dragonfly,Dragonfly | 1g Preroll (100ct) | Triple Cake,1539,3.50,5386.50,Net 30,A. Torres,New York
Herbarium Queens,OCM-RETL-24-000078,991080,2026-06-04,Delivered,Dragonfly,Dragonfly | 1g Preroll (100ct) | Jelly Donutz,452,3.50,1582.00,Net 30,M. Okafor,New York
Herbarium Queens,OCM-RETL-24-000078,991081,2026-06-11,Delivered,Dragonfly,Dragonfly | 1g Preroll (50ct) | Kush Mintz,437,3.50,1529.50,COD,S. Lindqvist,New York
Herbarium Queens,OCM-RETL-24-000078,991082,2026-06-17,Delivered,Dragonfly,Dragonfly | 1g Preroll (100ct) | Skittlez,237,3.50,829.50,Net 15,J. Brady,New York
Herbarium Queens,OCM-RETL-24-000078,991083,2026-06-24,Delivered,Dragonfly,Dragonfly | 1g Preroll (100ct) | Triple Cake,1193,3.50,4175.50,Net 15,M. Okafor,New York
Herbarium Queens,OCM-RETL-24-000078,991084,2026-06-30,Delivered,Dragonfly,Dragonfly | 1g Preroll (50ct) | Blue Dream,865,3.50,3027.50,Net 30,A. Torres,New York
Herbarium Queens,OCM-RETL-24-000078,991085,2026-07-06,Delivered,Dragonfly,Dragonfly | 1g Preroll (100ct) | Triple Cake,1659,3.50,5806.50,Net 30,J. Brady,New York
Herbarium Queens,OCM-RETL-24-000078,991086,2026-07-12,Delivered,Dragonfly,Dragonfly | 1g Preroll (100ct) | Triple Cake,1711,3.50,5988.50,Net 15,M. Okafor,New York
Herbarium Queens,OCM-RETL-24-000078,991087,2026-07-18,Delivered,Dragonfly,Dragonfly | 1g Preroll (50ct) | Blue Dream,721,3.50,2523.50,Net 15,J. Brady,New York
Herbarium Queens,OCM-RETL-24-000078,991088,2026-07-24,Delivered,Dragonfly,Dragonfly | 1g Vape (50ct) | Lemon Drop,75,15.00,1125.00,COD,J. Brady,New York
Herbarium Queens,OCM-RETL-24-000078,991089,2026-07-29,Delivered,Dragonfly,Dragonfly | 1g Preroll (50ct) | Kush Mintz,528,3.50,1848.00,Net 30,M. Okafor,New York
Herbarium Queens,OCM-RETL-24-000078,991090,2026-08-03,Delivered,Dragonfly,Dragonfly | 1g Preroll (100ct) | Skittlez,246,3.50,861.00,COD,J. Brady,New York
Herbarium Queens,OCM-RETL-24-000078,991091,2026-08-08,Delivered,Dragonfly,Dragonfly | 1g Preroll (100ct) | Jelly Donutz,633,3.50,2215.50,Net 30,A. Torres,New York
Herbarium Queens,OCM-RETL-24-000078,991092,2026-08-13,Delivered,Dragonfly,Dragonfly | 1g Preroll (100ct) | Triple Cake,1542,3.50,5397.00,Net 30,S. Lindqvist,New York
Herbarium Queens,OCM-RETL-24-000078,991093,2026-08-17,Delivered,Dragonfly,Dragonfly | 1g Preroll (100ct) | Skittlez,272,3.50,952.00,COD,M. Okafor,New York
Herbarium Queens,OCM-RETL-24-000078,991094,2026-08-22,Delivered,Dragonfly,Dragonfly | 1g Preroll (100ct) | Skittlez,373,3.50,1305.50,Net 30,S. Lindqvist,New York
Herbarium Queens,OCM-RETL-24-000078,991095,2026-08-26,Delivered,Dragonfly,Dragonfly | 1g Preroll (100ct) | Triple Cake,2076,3.50,7266.00,Net 30,A. Torres,New York
Herbarium Queens,OCM-RETL-24-000078,991096,2026-08-30,Delivered,Dragonfly,Dragonfly | 1g Vape (50ct) | Lemon Drop,87,15.00,1305.00,Net 30,S. Lindqvist,New York
Herbarium Queens,OCM-RETL-24-000078,991097,2026-09-03,Delivered,Dragonfly,Dragonfly | 1g Preroll (50ct) | Garlic Budder,906,3.50,3171.00,Net 30,S. Lindqvist,New York
Herbarium Queens,OCM-RETL-24-000078,991098,2026-09-07,Delivered,Dragonfly,Dragonfly | 1g Preroll (100ct) | Triple Cake,2328,3.50,8148.00,Net 30,S. Lindqvist,New York
Herbarium Queens,OCM-RETL-24-000078,991099,2026-09-11,Delivered,Dragonfly,Dragonfly | 1g Preroll (50ct) | Kush Mintz,593,3.50,2075.50,Net 30,J. Brady,New York
Hazy Daze,OCM-RETL-24-000160,991103,2026-06-23,Delivered,Dragonfly,Dragonfly | 1g Vape (50ct) | Strawberry Cough,72,15.00,1080.00,COD,M. Okafor,New York
Hazy Daze,OCM-RETL-24-000160,991104,2026-09-03,Delivered,Dragonfly,Dragonfly | 1g Vape Cart (50ct) | Bottlecap,151,12.00,1812.00,Net 30,J. Brady,New York
Fireleaf,OCM-CAURD-24-000196,991117,2026-06-19,Delivered,Dragonfly,Naka | 1g Vape (50ct) | Papaya Wave,8,17.50,140.00,Net 30,A. Torres,New York
Fireleaf,OCM-CAURD-24-000196,991118,2026-08-18,Delivered,Dragonfly,Dragonfly | 1g Preroll (50ct) | Sour Lemons,19,3.50,66.50,Net 30,A. Torres,New York
Aroma Farms,OCM-CAURD-25-000230,991126,2026-06-06,Delivered,Dragonfly,Dragonfly | 1.25g Infused Preroll | Watermelon Skittlez,186,5.00,930.00,Net 15,M. Okafor,New York
Aroma Farms,OCM-CAURD-25-000230,991127,2026-07-07,Delivered,Dragonfly,Dragonfly | 1g Preroll (50ct) | Honey Banana,189,3.50,661.50,COD,J. Brady,New York
Chesterfield Cannabis Co.,OCM-RETL-25-000367,991137,2026-06-14,Delivered,Dragonfly,Dragonfly | 1g Preroll (50ct) | Green Crack,139,3.50,486.50,Net 30,M. Okafor,New York
Chesterfield Cannabis Co.,OCM-RETL-25-000367,991138,2026-07-17,Delivered,Dragonfly,Dragonfly | 1g Preroll (50ct) | Green Crack,196,3.50,686.00,COD,A. Torres,New York
Chesterfield Cannabis Co.,OCM-RETL-25-000367,991139,2026-08-12,Delivered,Dragonfly,Dragonfly | 1g Preroll (50ct) | Green Crack,170,3.50,595.00,COD,A. Torres,New York
Chesterfield Cannabis Co.,OCM-RETL-25-000367,991140,2026-09-07,Delivered,Dragonfly,Dragonfly | 1g Preroll (50ct) | Green Crack,164,3.50,574.00,COD,A. Torres,New York
The Cannabis Place,OCM-CAURD-24-000080,991153,2026-05-25,Delivered,Dragonfly,Dragonfly | 1g Preroll (50ct) | NYC Diesel,71,3.50,248.50,COD,J. Brady,New York
The Cannabis Place,OCM-CAURD-24-000080,991154,2026-06-11,Delivered,Dragonfly,Dragonfly | 1g Preroll (50ct) | NYC Diesel,122,3.50,427.00,Net 15,A. Torres,New York
The Cannabis Place,OCM-CAURD-24-000080,991155,2026-06-25,Delivered,Dragonfly,Dragonfly | 1g Preroll (50ct) | NYC Diesel,94,3.50,329.00,Net 30,A. Torres,New York
The Cannabis Place,OCM-CAURD-24-000080,991156,2026-07-08,Delivered,Dragonfly,Dragonfly | 1g Vape Cart (50ct) | Double Bubble OG,92,12.00,1104.00,Net 30,S. Lindqvist,New York
The Cannabis Place,OCM-CAURD-24-000080,991157,2026-07-22,Delivered,Dragonfly,Dragonfly | 1g Vape Cart (50ct) | Double Bubble OG,99,12.00,1188.00,Net 30,S. Lindqvist,New York
The Cannabis Place,OCM-CAURD-24-000080,991158,2026-08-04,Delivered,Dragonfly,Dragonfly | 1g Preroll (50ct) | NYC Diesel,101,3.50,353.50,Net 30,S. Lindqvist,New York
The Cannabis Place,OCM-CAURD-24-000080,991159,2026-08-18,Delivered,Dragonfly,Dragonfly | 1g Vape Cart (50ct) | Double Bubble OG,104,12.00,1248.00,Net 30,J. Brady,New York
The Cannabis Place,OCM-CAURD-24-000080,991160,2026-08-31,Delivered,Dragonfly,Dragonfly | 1g Vape Cart (50ct) | Double Bubble OG,83,12.00,996.00,COD,S. Lindqvist,New York
The Cannabis Place,OCM-CAURD-24-000080,991161,2026-09-10,Delivered,Dragonfly,Dragonfly | 1g Preroll (50ct) | NYC Diesel,116,3.50,406.00,Net 30,A. Torres,New York
The Cannabis Place,OCM-CAURD-24-000080,991162,2026-09-22,Delivered,Dragonfly,Dragonfly | 1g Preroll (50ct) | NYC Diesel,153,3.50,535.50,Net 30,J. Brady,New York
Tiki Leaves,OCM-CAURD-24-000045,991174,2026-06-09,Delivered,Dragonfly,Dragonfly | 1g Preroll (50ct) | Triple Cake,77,3.50,269.50,Net 30,M. Okafor,New York
Tiki Leaves,OCM-CAURD-24-000045,991175,2026-06-27,Delivered,Dragonfly,Dragonfly | 1g Preroll (50ct) | Triple Cake,104,3.50,364.00,COD,A. Torres,New York
Tiki Leaves,OCM-CAURD-24-000045,991176,2026-07-15,Delivered,Dragonfly,Dragonfly | 1g Preroll (50ct) | Orange Creampop,117,3.50,409.50,Net 15,A. Torres,New York
Tiki Leaves,OCM-CAURD-24-000045,991177,2026-07-30,Delivered,Dragonfly,Dragonfly | 1g Preroll (50ct) | Cap Junky,119,3.50,416.50,Net 30,A. Torres,New York
Tiki Leaves,OCM-CAURD-24-000045,991178,2026-08-13,Delivered,Dragonfly,Dragonfly | 1g Preroll (50ct) | Orange Creampop,57,3.50,199.50,Net 30,A. Torres,New York
Tiki Leaves,OCM-CAURD-24-000045,991179,2026-08-28,Delivered,Dragonfly,Dragonfly | 1g Preroll (50ct) | Triple Cake,96,3.50,336.00,COD,S. Lindqvist,New York
Tiki Leaves,OCM-CAURD-24-000045,991180,2026-09-13,Delivered,Dragonfly,Dragonfly | 1g Preroll (50ct) | Orange Creampop,111,3.50,388.50,Net 30,A. Torres,New York
Purple Plains,OCM-CAURD-24-000119,991193,2026-05-31,Delivered,Dragonfly,Dragonfly | 1.25g Infused Preroll | Blueberry Banana Waffles,91,5.00,455.00,Net 15,S. Lindqvist,New York
Purple Plains,OCM-CAURD-24-000119,991194,2026-06-16,Delivered,Dragonfly,Dragonfly | 1.25g Infused Preroll | Blueberry Banana Waffles,98,5.00,490.00,Net 30,J. Brady,New York
Purple Plains,OCM-CAURD-24-000119,991195,2026-07-03,Delivered,Dragonfly,Dragonfly | 1.25g Infused Preroll | Blueberry Banana Waffles,125,5.00,625.00,Net 30,J. Brady,New York
Purple Plains,OCM-CAURD-24-000119,991196,2026-07-18,Delivered,Dragonfly,Dragonfly | 1.25g Infused Preroll | Blueberry Banana Waffles,95,5.00,475.00,Net 30,S. Lindqvist,New York
Purple Plains,OCM-CAURD-24-000119,991197,2026-08-01,Delivered,Dragonfly,Dragonfly | 1.25g Infused Preroll | Blueberry Banana Waffles,101,5.00,505.00,Net 15,J. Brady,New York
Purple Plains,OCM-CAURD-24-000119,991198,2026-08-16,Delivered,Dragonfly,Dragonfly | 1.25g Infused Preroll | Blueberry Banana Waffles,128,5.00,640.00,Net 30,M. Okafor,New York
Purple Plains,OCM-CAURD-24-000119,991199,2026-08-29,Delivered,Dragonfly,Dragonfly | 1.25g Infused Preroll | Blueberry Banana Waffles,86,5.00,430.00,Net 15,J. Brady,New York
Purple Plains,OCM-CAURD-24-000119,991200,2026-09-11,Delivered,Dragonfly,Dragonfly | 1.25g Infused Preroll | Blueberry Banana Waffles,143,5.00,715.00,Net 30,S. Lindqvist,New York
Mango Cannabis,OCM-RETL-24-000005,991206,2026-08-08,Delivered,Dragonfly,Dragonfly | 1g Vape Cart (50ct) | Banana Bash,21,12.00,252.00,COD,S. Lindqvist,New York
Farmers Choice Dispensary,OCM-RETL-24-000045,991213,2026-06-19,Delivered,Dragonfly,Dragonfly | 1g Preroll (100ct) | Orange Creampop,142,3.50,497.00,Net 30,S. Lindqvist,New York
Farmers Choice Dispensary,OCM-RETL-24-000045,991214,2026-07-21,Delivered,Dragonfly,Dragonfly | 1g Preroll (50ct) | GG#4,137,3.50,479.50,Net 30,J. Brady,New York
Farmers Choice Dispensary,OCM-RETL-24-000045,991215,2026-08-23,Delivered,Dragonfly,Dragonfly | 1g Preroll (50ct) | Chernobyl,190,3.50,665.00,Net 30,M. Okafor,New York
Lucky Green Ladies,OCM-CAURD-25-000235,991228,2026-05-25,Delivered,Dragonfly,Dragonfly | 1g Preroll (50ct) | NYC Diesel,173,3.50,605.50,Net 15,A. Torres,New York
Lucky Green Ladies,OCM-CAURD-25-000235,991229,2026-06-10,Delivered,Dragonfly,Dragonfly | 1g Preroll (50ct) | NYC Diesel,207,3.50,724.50,Net 30,S. Lindqvist,New York
Lucky Green Ladies,OCM-CAURD-25-000235,991230,2026-06-27,Delivered,Dragonfly,Dragonfly | 1g Preroll (50ct) | NYC Diesel,157,3.50,549.50,Net 30,S. Lindqvist,New York
Lucky Green Ladies,OCM-CAURD-25-000235,991231,2026-07-11,Delivered,Dragonfly,Dragonfly | 1g Preroll (50ct) | NYC Diesel,165,3.50,577.50,Net 15,M. Okafor,New York
Lucky Green Ladies,OCM-CAURD-25-000235,991232,2026-07-24,Delivered,Dragonfly,Dragonfly | 1g Preroll (50ct) | NYC Diesel,221,3.50,773.50,Net 15,S. Lindqvist,New York
Lucky Green Ladies,OCM-CAURD-25-000235,991233,2026-08-05,Delivered,Dragonfly,Dragonfly | 1g Preroll (50ct) | NYC Diesel,235,3.50,822.50,Net 30,M. Okafor,New York
Lucky Green Ladies,OCM-CAURD-25-000235,991234,2026-08-17,Delivered,Dragonfly,Dragonfly | 1g Preroll (50ct) | NYC Diesel,171,3.50,598.50,Net 15,S. Lindqvist,New York
Lucky Green Ladies,OCM-CAURD-25-000235,991235,2026-08-29,Delivered,Dragonfly,Dragonfly | 1g Preroll (50ct) | NYC Diesel,261,3.50,913.50,Net 15,J. Brady,New York
Lucky Green Ladies,OCM-CAURD-25-000235,991236,2026-09-11,Delivered,Dragonfly,Dragonfly | 1g Preroll (50ct) | NYC Diesel,215,3.50,752.50,COD,A. Torres,New York
Canna Buddha,OCM-RETL-24-000197,991240,2026-06-23,Delivered,Dragonfly,Dragonfly | 1.25g Infused Preroll | Watermelon Skittlez,110,5.00,550.00,COD,S. Lindqvist,New York
Canna Buddha,OCM-RETL-24-000197,991241,2026-09-06,Delivered,Dragonfly,Dragonfly | 1.25g Infused Preroll | Watermelon Skittlez,161,5.00,805.00,Net 30,S. Lindqvist,New York
Canna Planet Dispensary - Monticello,OCM-RETL-24-000235,991255,2026-07-05,Delivered,Dragonfly,Dragonfly | 1g Preroll (50ct) | Ice Cream Cookies,119,3.50,416.50,Net 30,A. Torres,New York
Canna Planet Dispensary - Monticello,OCM-RETL-24-000235,991256,2026-08-26,Delivered,Dragonfly,Dragonfly | 1g Preroll (50ct) | Garlic Budder,136,3.50,476.00,COD,J. Brady,New York
Sky High Club,OCM-CAURD-25-000239,991275,2026-06-15,Delivered,Dragonfly,Dragonfly | Flower | 3.5g | Candy Fumez,50,12.00,600.00,COD,J. Brady,New York
Sky High Club,OCM-CAURD-25-000239,991276,2026-06-26,Delivered,Dragonfly,Dragonfly | Flower | 3.5g | Nascar,135,12.00,1620.00,Net 15,A. Torres,New York
Sky High Club,OCM-CAURD-25-000239,991277,2026-07-06,Delivered,Dragonfly,Dragonfly | Flower | 3.5g | Candy Fumez,54,12.00,648.00,COD,M. Okafor,New York
Sky High Club,OCM-CAURD-25-000239,991278,2026-07-16,Delivered,Dragonfly,Dragonfly | Flower | 3.5g | Nascar,107,12.00,1284.00,Net 30,A. Torres,New York
Sky High Club,OCM-CAURD-25-000239,991279,2026-07-24,Delivered,Dragonfly,Dragonfly | Flower | 3.5g | Candy Fumez,64,12.00,768.00,COD,S. Lindqvist,New York
Sky High Club,OCM-CAURD-25-000239,991280,2026-08-03,Delivered,Dragonfly,Dragonfly | Flower | 3.5g | Nascar,116,12.00,1392.00,Net 15,A. Torres,New York
Sky High Club,OCM-CAURD-25-000239,991281,2026-08-11,Delivered,Dragonfly,Dragonfly | Flower | 3.5g | Candy Fumez,58,12.00,696.00,COD,M. Okafor,New York
Sky High Club,OCM-CAURD-25-000239,991282,2026-08-19,Delivered,Dragonfly,Dragonfly | Flower | 3.5g | Candy Fumez,58,12.00,696.00,COD,A. Torres,New York
Sky High Club,OCM-CAURD-25-000239,991285,2026-09-11,Delivered,Dragonfly,Dragonfly | Flower | 3.5g | Candy Fumez,60,12.00,720.00,Net 30,S. Lindqvist,New York
Sky High Club,OCM-CAURD-25-000239,991286,2026-09-17,Delivered,Dragonfly,Dragonfly | Flower | 3.5g | Nascar,184,12.00,2208.00,COD,S. Lindqvist,New York
Silver Cannabis Company - Saratoga Springs,OCM-RETL-24-000101,991338,2026-07-12,Delivered,Dragonfly,Dragonfly | 1.25g Infused Preroll | Just Peachy,37,5.00,185.00,Net 30,J. Brady,New York
Secret Garden 716,OCM-CAURD-24-000160,991350,2026-06-07,Delivered,Dragonfly,Dragonfly | 1g Preroll (50ct) | Orange Creampop,388,3.50,1358.00,COD,S. Lindqvist,New York
Secret Garden 716,OCM-CAURD-24-000160,991351,2026-06-29,Delivered,Dragonfly,Dragonfly | Flower | 3.5g | Dulce De Uva,53,12.00,636.00,Net 15,J. Brady,New York
Secret Garden 716,OCM-CAURD-24-000160,991352,2026-07-18,Delivered,Dragonfly,Dragonfly | 1g Preroll (50ct) | Orange Creampop,356,3.50,1246.00,Net 15,M. Okafor,New York
Secret Garden 716,OCM-CAURD-24-000160,991353,2026-08-05,Delivered,Dragonfly,Dragonfly | 1g Preroll (50ct) | Blue Dream,254,3.50,889.00,Net 15,S. Lindqvist,New York
Secret Garden 716,OCM-CAURD-24-000160,991354,2026-08-21,Delivered,Dragonfly,Dragonfly | 1g Preroll (50ct) | Orange Creampop,357,3.50,1249.50,COD,A. Torres,New York
Secret Garden 716,OCM-CAURD-24-000160,991355,2026-09-06,Delivered,Dragonfly,Dragonfly | 1g Preroll (100ct) | Jelly Donutz,181,3.50,633.50,Net 30,S. Lindqvist,New York
Secret Garden 716,OCM-CAURD-24-000160,991356,2026-09-21,Delivered,Dragonfly,Dragonfly | 1g Preroll (50ct) | Orange Creampop,494,3.50,1729.00,Net 30,J. Brady,New York
Lenox Hill Cannabis Co.,OCM-CAURD-23-000038,991402,2026-06-21,Delivered,Dragonfly,Dragonfly | 1g Vape Cart (50ct) | Green Apple,25,12.00,300.00,Net 30,M. Okafor,New York
Lenox Hill Cannabis Co.,OCM-CAURD-23-000038,991403,2026-08-24,Delivered,Dragonfly,Dragonfly | 1g Preroll (100ct) | Honey Banana,104,3.50,364.00,Net 30,S. Lindqvist,New York
"Highlife Health, LLC",OCM-RETL-24-000076,991411,2026-05-30,Delivered,Dragonfly,Dragonfly | 1.25g Infused Preroll | Watermelon Skittlez,92,5.00,460.00,Net 30,S. Lindqvist,New York
"Highlife Health, LLC",OCM-RETL-24-000076,991412,2026-07-05,Delivered,Dragonfly,Dragonfly | 1.25g Infused Preroll | Watermelon Skittlez,93,5.00,465.00,Net 15,A. Torres,New York
"Highlife Health, LLC",OCM-RETL-24-000076,991413,2026-08-08,Delivered,Dragonfly,Dragonfly | 1g Preroll (50ct) | Blue Dream,175,3.50,612.50,COD,J. Brady,New York
"Highlife Health, LLC",OCM-RETL-24-000076,991414,2026-09-08,Delivered,Dragonfly,Dragonfly | 1.25g Infused Preroll | Watermelon Skittlez,99,5.00,495.00,Net 30,S. Lindqvist,New York
Happy Leaf Cannabis Store,OCM-RETL-24-000206,991424,2026-06-15,Delivered,Dragonfly,Dragonfly | 1g Preroll (100ct) | Triple Cake,151,3.50,528.50,Net 30,S. Lindqvist,New York
Happy Leaf Cannabis Store,OCM-RETL-24-000206,991425,2026-07-10,Delivered,Dragonfly,Dragonfly | 1g Preroll (50ct) | Garlic Budder,334,3.50,1169.00,COD,A. Torres,New York
Happy Leaf Cannabis Store,OCM-RETL-24-000206,991426,2026-08-07,Delivered,Dragonfly,Dragonfly | 1g Preroll (50ct) | Garlic Budder,354,3.50,1239.00,Net 30,S. Lindqvist,New York
Happy Leaf Cannabis Store,OCM-RETL-24-000206,991427,2026-09-03,Delivered,Dragonfly,Dragonfly | 1g Preroll (100ct) | Triple Cake,210,3.50,735.00,Net 30,M. Okafor,New York
Green Flower Wellness - Queens,OCM-RETL-24-000233,991433,2026-06-04,Delivered,Dragonfly,Dragonfly | 1g Vape (50ct) | Strawberry Cough,102,15.00,1530.00,Net 15,J. Brady,New York
Green Flower Wellness - Queens,OCM-RETL-24-000233,991434,2026-07-23,Delivered,Dragonfly,Dragonfly | 1g Vape (50ct) | Strawberry Cough,136,15.00,2040.00,COD,M. Okafor,New York
Green Flower Wellness - Queens,OCM-RETL-24-000233,991435,2026-09-09,Delivered,Dragonfly,Dragonfly | 1g Preroll (50ct) | Blue Dream,230,3.50,805.00,Net 15,A. Torres,New York
Strong Strains,OCM-CAURD-25-000272,991443,2026-05-27,Delivered,Dragonfly,Dragonfly | 1g Vape (50ct) | Blue Razz,81,15.00,1215.00,Net 30,S. Lindqvist,New York
Strong Strains,OCM-CAURD-25-000272,991444,2026-06-30,Delivered,Dragonfly,Dragonfly | 1g Vape (50ct) | Blue Razz,98,15.00,1470.00,Net 15,A. Torres,New York
Strong Strains,OCM-CAURD-25-000272,991445,2026-08-05,Delivered,Dragonfly,Dragonfly | 1g Vape (50ct) | Blue Razz,64,15.00,960.00,Net 30,M. Okafor,New York
Strong Strains,OCM-CAURD-25-000272,991446,2026-09-02,Delivered,Dragonfly,Dragonfly | 1g Vape (50ct) | Blue Razz,74,15.00,1110.00,Net 30,A. Torres,New York
Urban Weeds LLC,OCM-CAURD-23-000042,991452,2026-07-27,Delivered,Dragonfly,Dragonfly | 1g Vape (50ct) | Lemon Drop,20,15.00,300.00,Net 30,M. Okafor,New York
Green Flower Wellness - Oakland Gardens,OCM-RETL-24-000064,991503,2026-06-08,Delivered,Dragonfly,Dragonfly | 1g Preroll (50ct) | Blue Dream,76,3.50,266.00,Net 15,A. Torres,New York
Green Flower Wellness - Oakland Gardens,OCM-RETL-24-000064,991504,2026-07-02,Delivered,Dragonfly,Dragonfly | 1g Preroll (100ct) | Skittlez,206,3.50,721.00,Net 30,M. Okafor,New York
Green Flower Wellness - Oakland Gardens,OCM-RETL-24-000064,991505,2026-07-27,Delivered,Dragonfly,Dragonfly | 1g Preroll (50ct) | Blue Dream,82,3.50,287.00,Net 15,J. Brady,New York
Green Flower Wellness - Oakland Gardens,OCM-RETL-24-000064,991506,2026-08-21,Delivered,Dragonfly,Dragonfly | 1g Preroll (50ct) | Blue Dream,111,3.50,388.50,Net 30,S. Lindqvist,New York
Green Flower Wellness - Oakland Gardens,OCM-RETL-24-000064,991507,2026-09-11,Delivered,Dragonfly,Dragonfly | 1g Preroll (50ct) | Ice Cream Cookies,95,3.50,332.50,COD,S. Lindqvist,New York
Ether,OCM-CAURD-24-000098,991534,2026-05-25,Delivered,Dragonfly,Dragonfly | 1g Preroll (50ct) | Triple Cake,66,3.50,231.00,Net 30,A. Torres,New York
Ether,OCM-CAURD-24-000098,991535,2026-05-31,Delivered,Dragonfly,Dragonfly | 1g Preroll (50ct) | Triple Cake,83,3.50,290.50,Net 30,A. Torres,New York
Ether,OCM-CAURD-24-000098,991536,2026-06-07,Delivered,Dragonfly,Dragonfly | 1g Preroll (50ct) | Triple Cake,63,3.50,220.50,Net 30,M. Okafor,New York
Ether,OCM-CAURD-24-000098,991537,2026-06-12,Delivered,Dragonfly,Dragonfly | 1g Preroll (50ct) | Orange Creampop,191,3.50,668.50,Net 15,J. Brady,New York
Ether,OCM-CAURD-24-000098,991538,2026-06-17,Delivered,Dragonfly,Dragonfly | 1g Preroll (50ct) | Triple Cake,97,3.50,339.50,COD,M. Okafor,New York
Ether,OCM-CAURD-24-000098,991539,2026-06-22,Delivered,Dragonfly,Dragonfly | 1g Preroll (50ct) | Triple Cake,63,3.50,220.50,Net 15,J. Brady,New York
Ether,OCM-CAURD-24-000098,991540,2026-06-28,Delivered,Dragonfly,Dragonfly | 1g Preroll (50ct) | Triple Cake,97,3.50,339.50,Net 30,S. Lindqvist,New York
Ether,OCM-CAURD-24-000098,991541,2026-07-04,Delivered,Dragonfly,Dragonfly | 1g Preroll (50ct) | Triple Cake,91,3.50,318.50,Net 15,M. Okafor,New York
Ether,OCM-CAURD-24-000098,991542,2026-07-08,Delivered,Dragonfly,Dragonfly | 1g Preroll (50ct) | Orange Creampop,178,3.50,623.00,Net 15,M. Okafor,New York
Ether,OCM-CAURD-24-000098,991543,2026-07-12,Delivered,Dragonfly,Dragonfly | 1g Preroll (50ct) | Orange Creampop,205,3.50,717.50,COD,J. Brady,New York
Ether,OCM-CAURD-24-000098,991544,2026-07-17,Delivered,Dragonfly,Dragonfly | 1g Preroll (50ct) | Triple Cake,94,3.50,329.00,Net 30,A. Torres,New York
Ether,OCM-CAURD-24-000098,991545,2026-07-22,Delivered,Dragonfly,Dragonfly | 1g Preroll (50ct) | Triple Cake,70,3.50,245.00,Net 15,J. Brady,New York
Ether,OCM-CAURD-24-000098,991546,2026-07-26,Delivered,Dragonfly,Dragonfly | 1g Preroll (50ct) | Triple Cake,115,3.50,402.50,COD,M. Okafor,New York
Ether,OCM-CAURD-24-000098,991547,2026-07-30,Delivered,Dragonfly,Dragonfly | 1g Preroll (50ct) | Triple Cake,100,3.50,350.00,Net 15,A. Torres,New York
Ether,OCM-CAURD-24-000098,991548,2026-08-03,Delivered,Dragonfly,Dragonfly | 1g Preroll (50ct) | Triple Cake,120,3.50,420.00,COD,S. Lindqvist,New York
Happy Times Cannabis Co - Buffalo,OCM-RETL-24-000082,991557,2026-05-26,Delivered,Dragonfly,Dragonfly | 1g Preroll (50ct) | Ice Cream Cookies,310,3.50,1085.00,COD,A. Torres,New York
Happy Times Cannabis Co - Buffalo,OCM-RETL-24-000082,991558,2026-06-29,Delivered,Dragonfly,Dragonfly | 1g Preroll (50ct) | Ice Cream Cookies,416,3.50,1456.00,Net 30,J. Brady,New York
Happy Times Cannabis Co - Buffalo,OCM-RETL-24-000082,991559,2026-08-01,Delivered,Dragonfly,Dragonfly | 1g Preroll (50ct) | Ice Cream Cookies,264,3.50,924.00,COD,J. Brady,New York
Happy Times Cannabis Co - Buffalo,OCM-RETL-24-000082,991560,2026-08-28,Delivered,Dragonfly,Dragonfly | 1g Preroll (50ct) | Ice Cream Cookies,430,3.50,1505.00,Net 30,J. Brady,New York
Green Apple,OCM-RETL-24-000266,991616,2026-05-27,Delivered,Dragonfly,Dragonfly | 1g Vape (50ct) | Just Peachy,98,15.00,1470.00,Net 30,J. Brady,New York
Green Apple,OCM-RETL-24-000266,991617,2026-06-15,Delivered,Dragonfly,Dragonfly | 1g Vape (50ct) | Just Peachy,91,15.00,1365.00,COD,A. Torres,New York
Green Apple,OCM-RETL-24-000266,991618,2026-07-04,Delivered,Dragonfly,Dragonfly | 1g Vape (50ct) | Just Peachy,100,15.00,1500.00,COD,M. Okafor,New York
Green Apple,OCM-RETL-24-000266,991619,2026-07-22,Delivered,Dragonfly,Dragonfly | 1g Vape (50ct) | Just Peachy,92,15.00,1380.00,Net 30,S. Lindqvist,New York
Green Apple,OCM-RETL-24-000266,991620,2026-08-08,Delivered,Dragonfly,Dragonfly | 1g Vape (50ct) | Just Peachy,135,15.00,2025.00,Net 15,M. Okafor,New York
Green Apple,OCM-RETL-24-000266,991621,2026-08-21,Delivered,Dragonfly,Dragonfly | 1g Vape (50ct) | Just Peachy,104,15.00,1560.00,Net 15,M. Okafor,New York
Green Apple,OCM-RETL-24-000266,991622,2026-09-05,Delivered,Dragonfly,Dragonfly | 1g Vape (50ct) | Just Peachy,112,15.00,1680.00,Net 30,J. Brady,New York
Green Apple,OCM-RETL-24-000266,991623,2026-09-20,Delivered,Dragonfly,Dragonfly | 1g Vape (50ct) | Just Peachy,144,15.00,2160.00,Net 30,M. Okafor,New York
The THC Shop Brooklyn,OCM-RETL-24-000006,991624,2026-08-16,Delivered,Dragonfly,Dragonfly | 1.25g Infused Preroll | Lychee Dream,54,5.00,270.00,Net 15,S. Lindqvist,New York
The THC Shop Brooklyn,OCM-RETL-24-000006,991624,2026-08-16,Delivered,Dragonfly,Dragonfly | Flower | 3.5g | Dulce De Uva,59,12.00,708.00,Net 30,S. Lindqvist,New York
The THC Shop Brooklyn,OCM-RETL-24-000006,991624,2026-08-16,Delivered,Dragonfly,Naka | Flower | 3.5g | Zlushi,39,20.00,780.00,Net 15,M. Okafor,New York
The THC Shop Brooklyn,OCM-RETL-24-000006,991624,2026-08-16,Delivered,Dragonfly,Dragonfly | 1.25g Infused Preroll | Unicorn Piss,60,5.00,300.00,Net 15,S. Lindqvist,New York
The THC Shop Brooklyn,OCM-RETL-24-000006,991624,2026-08-16,Delivered,Dragonfly,Dragonfly | 1.25g Infused Preroll | Zoap,45,5.00,225.00,COD,J. Brady,New York
The THC Shop Brooklyn,OCM-RETL-24-000006,991624,2026-08-16,Delivered,Dragonfly,Dragonfly | Flower | 28g | Nappa,10,80.00,800.00,Net 15,A. Torres,New York
The THC Shop Brooklyn,OCM-RETL-24-000006,991624,2026-08-16,Delivered,Dragonfly,Dragonfly | 1g Preroll (50ct) | Pandora's Box,98,3.50,343.00,COD,M. Okafor,New York
The THC Shop Brooklyn,OCM-RETL-24-000006,991624,2026-08-16,Delivered,Dragonfly,Dragonfly | Flower | 28g | Blue Dream,9,80.00,720.00,Net 30,S. Lindqvist,New York
The THC Shop Brooklyn,OCM-RETL-24-000006,991624,2026-08-16,Delivered,Dragonfly,Dragonfly Display Kit - Preroll,1,0.01,0.01,Net 30,S. Lindqvist,New York
The Goodie Bag,OCM-RETL-25-000394,991625,2026-07-11,Delivered,Dragonfly,Dragonfly | 1g Preroll (50ct) | Berry White,45,3.50,157.50,COD,S. Lindqvist,New York
The Goodie Bag,OCM-RETL-25-000394,991625,2026-07-11,Delivered,Dragonfly,Dragonfly | 1g Preroll (50ct) | Zlushi,55,3.50,192.50,Net 30,M. Okafor,New York
The Goodie Bag,OCM-RETL-25-000394,991625,2026-07-11,Delivered,Dragonfly,Dragonfly | 1g Preroll (50ct) | Tahiti Lime,57,3.50,199.50,Net 30,A. Torres,New York
The Goodie Bag,OCM-RETL-25-000394,991625,2026-07-11,Delivered,Dragonfly,Dragonfly | 1g All-In-One Vape | Forbidden Fruit,26,15.00,390.00,COD,J. Brady,New York
The Goodie Bag,OCM-RETL-25-000394,991625,2026-07-11,Delivered,Dragonfly,Dragonfly | 1g All-In-One Vape | Lychee Dream,57,15.00,855.00,Net 30,J. Brady,New York
The Goodie Bag,OCM-RETL-25-000394,991625,2026-07-11,Delivered,Dragonfly,Dragonfly | 1g Preroll (50ct) | Blue Nerds,50,3.50,175.00,Net 30,J. Brady,New York
The Goodie Bag,OCM-RETL-25-000394,991625,2026-07-11,Delivered,Dragonfly,Dragonfly Display Kit - AIO,1,0.01,0.01,Net 30,M. Okafor,New York
The Goodie Bag,OCM-RETL-25-000394,991625,2026-07-11,Delivered,Dragonfly,Dragonfly | 1g All-In-One Vape | Tahiti Breeze,22,15.00,330.00,Net 30,M. Okafor,New York
The Goodie Bag,OCM-RETL-25-000394,991626,2026-08-07,Delivered,Dragonfly,Dragonfly | 1g Preroll (50ct) | GMO,57,3.50,199.50,Net 15,S. Lindqvist,New York
The Goodie Bag,OCM-RETL-25-000394,991626,2026-08-07,Delivered,Dragonfly,Dragonfly | 1g All-In-One Vape | Electric Watermelon OG,22,15.00,330.00,Net 15,A. Torres,New York
The Goodie Bag,OCM-RETL-25-000394,991626,2026-08-07,Delivered,Dragonfly,Dragonfly | 1g Preroll (50ct) | Secret Weapon,46,3.50,161.00,Net 15,S. Lindqvist,New York
The Goodie Bag,OCM-RETL-25-000394,991626,2026-08-07,Delivered,Dragonfly,Dragonfly | 1g All-In-One Vape | Mystery OG,21,15.00,315.00,Net 30,M. Okafor,New York
The Goodie Bag,OCM-RETL-25-000394,991626,2026-08-07,Delivered,Dragonfly,Dragonfly | 1g All-In-One Vape | Just Peachy,29,15.00,435.00,Net 30,A. Torres,New York
The Goodie Bag,OCM-RETL-25-000394,991626,2026-08-07,Delivered,Dragonfly,Dragonfly | 1g Preroll (50ct) | Green Caffeine,62,3.50,217.00,Net 15,A. Torres,New York
The Goodie Bag,OCM-RETL-25-000394,991626,2026-08-07,Delivered,Dragonfly,Dragonfly | Flower | 3.5g | Dulce De Uva,21,12.00,252.00,Net 30,S. Lindqvist,New York
The Goodie Bag,OCM-RETL-25-000394,991626,2026-08-07,Delivered,Dragonfly,Dragonfly | 1g All-In-One Vape | Blueberry Banana Waffles,24,15.00,360.00,Net 15,S. Lindqvist,New York
The Goodie Bag,OCM-RETL-25-000394,991626,2026-08-07,Delivered,Dragonfly,Dragonfly | 1g All-In-One Vape | Strawberry Kiwi,26,15.00,390.00,COD,M. Okafor,New York
The Goodie Bag,OCM-RETL-25-000394,991627,2026-08-31,Delivered,Dragonfly,Dragonfly | 1g Preroll (50ct) | GMO,60,3.50,210.00,COD,S. Lindqvist,New York
The Goodie Bag,OCM-RETL-25-000394,991627,2026-08-31,Delivered,Dragonfly,Dragonfly | 1g All-In-One Vape | Electric Watermelon OG,21,15.00,315.00,COD,J. Brady,New York
The Goodie Bag,OCM-RETL-25-000394,991627,2026-08-31,Delivered,Dragonfly,Dragonfly | 1g Preroll (50ct) | Secret Weapon,48,3.50,168.00,Net 30,J. Brady,New York
The Goodie Bag,OCM-RETL-25-000394,991627,2026-08-31,Delivered,Dragonfly,Dragonfly | 1g All-In-One Vape | Mystery OG,29,15.00,435.00,Net 30,A. Torres,New York
The Goodie Bag,OCM-RETL-25-000394,991627,2026-08-31,Delivered,Dragonfly,Dragonfly | 1g All-In-One Vape | Just Peachy,30,15.00,450.00,Net 30,J. Brady,New York
The Goodie Bag,OCM-RETL-25-000394,991627,2026-08-31,Delivered,Dragonfly,Dragonfly | 1g Preroll (50ct) | Green Caffeine,43,3.50,150.50,Net 15,S. Lindqvist,New York
The Goodie Bag,OCM-RETL-25-000394,991627,2026-08-31,Delivered,Dragonfly,Dragonfly | Flower | 3.5g | Dulce De Uva,32,12.00,384.00,Net 30,M. Okafor,New York
The Goodie Bag,OCM-RETL-25-000394,991627,2026-08-31,Delivered,Dragonfly,Dragonfly | 1g All-In-One Vape | Blueberry Banana Waffles,22,15.00,330.00,Net 30,J. Brady,New York
The Goodie Bag,OCM-RETL-25-000394,991627,2026-08-31,Delivered,Dragonfly,Dragonfly | 1g All-In-One Vape | Strawberry Kiwi,34,15.00,510.00,Net 15,A. Torres,New York
Dansville Dispensary,OCM-RETL-25-000307,991628,2026-07-20,Delivered,Dragonfly,Dragonfly | 1g Preroll (50ct) | Blue Nerds,177,3.50,619.50,Net 30,J. Brady,New York
Dansville Dispensary,OCM-RETL-25-000307,991628,2026-07-20,Delivered,Dragonfly,Dragonfly | 1g Preroll (50ct) | Sutter,128,3.50,448.00,Net 30,M. Okafor,New York
Dansville Dispensary,OCM-RETL-25-000307,991628,2026-07-20,Delivered,Dragonfly,Dragonfly | 1g Preroll (50ct) | Tahiti Lime,140,3.50,490.00,COD,S. Lindqvist,New York
Dansville Dispensary,OCM-RETL-25-000307,991628,2026-07-20,Delivered,Dragonfly,Dragonfly Display Kit - Preroll,1,0.01,0.01,Net 30,A. Torres,New York
Dansville Dispensary,OCM-RETL-25-000307,991628,2026-07-20,Delivered,Dragonfly,Dragonfly | 1g Preroll (50ct) | Berry White,87,3.50,304.50,Net 30,A. Torres,New York
Dansville Dispensary,OCM-RETL-25-000307,991628,2026-07-20,Delivered,Dragonfly,Dragonfly | 1g Preroll (50ct) | Zlushi,129,3.50,451.50,Net 15,S. Lindqvist,New York
Dansville Dispensary,OCM-RETL-25-000307,991629,2026-08-30,Delivered,Dragonfly,Dragonfly | 1g Preroll (50ct) | Blue Nerds,103,3.50,360.50,Net 15,J. Brady,New York
Dansville Dispensary,OCM-RETL-25-000307,991629,2026-08-30,Delivered,Dragonfly,Dragonfly | 1g Preroll (50ct) | Sutter,90,3.50,315.00,Net 30,A. Torres,New York
Dansville Dispensary,OCM-RETL-25-000307,991629,2026-08-30,Delivered,Dragonfly,Dragonfly | 1g Preroll (50ct) | Tahiti Lime,170,3.50,595.00,COD,M. Okafor,New York
Dansville Dispensary,OCM-RETL-25-000307,991629,2026-08-30,Delivered,Dragonfly,Dragonfly Display Kit - Preroll,1,0.01,0.01,Net 30,M. Okafor,New York
Dansville Dispensary,OCM-RETL-25-000307,991629,2026-08-30,Delivered,Dragonfly,Dragonfly | 1g Preroll (50ct) | Berry White,103,3.50,360.50,Net 30,A. Torres,New York
Dansville Dispensary,OCM-RETL-25-000307,991629,2026-08-30,Delivered,Dragonfly,Dragonfly | 1g Preroll (50ct) | Zlushi,78,3.50,273.00,Net 30,S. Lindqvist,New York
High Society Dispensary LLC,OCM-CAURD-24-000171,991630,2026-07-05,Delivered,Dragonfly,Dragonfly | 1g Preroll (50ct) | Sutter,78,3.50,273.00,COD,M. Okafor,New York
High Society Dispensary LLC,OCM-CAURD-24-000171,991630,2026-07-05,Delivered,Dragonfly,Dragonfly | 1g Preroll (50ct) | Tahiti Lime,161,3.50,563.50,COD,A. Torres,New York
High Society Dispensary LLC,OCM-CAURD-24-000171,991630,2026-07-05,Delivered,Dragonfly,Dragonfly | Infused Multipack 10pk (1.25g) | Melon Gum,22,40.00,880.00,Net 30,A. Torres,New York
High Society Dispensary LLC,OCM-CAURD-24-000171,991630,2026-07-05,Delivered,Dragonfly,Dragonfly | 1.25g Infused Preroll | Melon Gum,173,5.00,865.00,Net 15,M. Okafor,New York
High Society Dispensary LLC,OCM-CAURD-24-000171,991630,2026-07-05,Delivered,Dragonfly,Dragonfly | Infused Multipack 10pk (1.25g) | S'mores,17,40.00,680.00,Net 30,M. Okafor,New York
High Society Dispensary LLC,OCM-CAURD-24-000171,991630,2026-07-05,Delivered,Dragonfly,Dragonfly | 1.25g Infused Preroll | Watermelon Skittlez,167,5.00,835.00,Net 15,S. Lindqvist,New York
High Society Dispensary LLC,OCM-CAURD-24-000171,991630,2026-07-05,Delivered,Dragonfly,Dragonfly | 1g All-In-One Vape | Tahiti Breeze,51,15.00,765.00,COD,A. Torres,New York
High Society Dispensary LLC,OCM-CAURD-24-000171,991630,2026-07-05,Delivered,Dragonfly,Dragonfly | 1g Preroll (50ct) | Zlushi,87,3.50,304.50,Net 15,S. Lindqvist,New York
High Society Dispensary LLC,OCM-CAURD-24-000171,991630,2026-07-05,Delivered,Dragonfly,Dragonfly | 1g Preroll (50ct) | Blue Nerds,232,3.50,812.00,COD,A. Torres,New York
High Society Dispensary LLC,OCM-CAURD-24-000171,991630,2026-07-05,Delivered,Dragonfly,Dragonfly | 100mg Gummy (25ct) | Pineapple,40,5.00,200.00,Net 30,J. Brady,New York
High Society Dispensary LLC,OCM-CAURD-24-000171,991630,2026-07-05,Delivered,Dragonfly,Dragonfly | 100mg Gummy (25ct) | Strawberry,55,5.00,275.00,COD,M. Okafor,New York
High Society Dispensary LLC,OCM-CAURD-24-000171,991631,2026-07-28,Delivered,Dragonfly,Dragonfly | 1g Preroll (50ct) | Pandora's Box,218,3.50,763.00,Net 30,S. Lindqvist,New York
High Society Dispensary LLC,OCM-CAURD-24-000171,991631,2026-07-28,Delivered,Dragonfly,Dragonfly | 1.25g Infused Preroll | Blackberry Sherbet,112,5.00,560.00,COD,M. Okafor,New York
High Society Dispensary LLC,OCM-CAURD-24-000171,991631,2026-07-28,Delivered,Dragonfly,Dragonfly | Infused Multipack 10pk (1.25g) | Blueberry Banana Waffles,19,40.00,760.00,Net 30,M. Okafor,New York
High Society Dispensary LLC,OCM-CAURD-24-000171,991631,2026-07-28,Delivered,Dragonfly,Dragonfly | 100mg Gummy (25ct) | Blue Razz,44,5.00,220.00,Net 30,S. Lindqvist,New York
High Society Dispensary LLC,OCM-CAURD-24-000171,991631,2026-07-28,Delivered,Dragonfly,Dragonfly | 1.25g Infused Preroll | Unicorn Piss,295,5.00,1475.00,Net 30,M. Okafor,New York
High Society Dispensary LLC,OCM-CAURD-24-000171,991631,2026-07-28,Delivered,Dragonfly,Dragonfly | 100mg Gummy (25ct) | Green Apple,39,5.00,195.00,COD,M. Okafor,New York
High Society Dispensary LLC,OCM-CAURD-24-000171,991631,2026-07-28,Delivered,Dragonfly,Dragonfly | 1.25g Infused Preroll | Apple Tart,325,5.00,1625.00,COD,S. Lindqvist,New York
High Society Dispensary LLC,OCM-CAURD-24-000171,991631,2026-07-28,Delivered,Dragonfly,Dragonfly | 1g Preroll (50ct) | Blue Dream,80,3.50,280.00,Net 30,A. Torres,New York
High Society Dispensary LLC,OCM-CAURD-24-000171,991632,2026-08-24,Delivered,Dragonfly,Dragonfly | 1g All-In-One Vape | Lychee Dream,19,15.00,285.00,Net 30,J. Brady,New York
High Society Dispensary LLC,OCM-CAURD-24-000171,991632,2026-08-24,Delivered,Dragonfly,Dragonfly | 1g Preroll (50ct) | Sutter,155,3.50,542.50,COD,M. Okafor,New York
High Society Dispensary LLC,OCM-CAURD-24-000171,991632,2026-08-24,Delivered,Dragonfly,Dragonfly | Infused Multipack 10pk (1.25g) | Melon Gum,14,40.00,560.00,Net 30,J. Brady,New York
High Society Dispensary LLC,OCM-CAURD-24-000171,991632,2026-08-24,Delivered,Dragonfly,Dragonfly | 1g Preroll (50ct) | Berry White,120,3.50,420.00,COD,A. Torres,New York
High Society Dispensary LLC,OCM-CAURD-24-000171,991632,2026-08-24,Delivered,Dragonfly,Dragonfly | Infused Multipack 10pk (1.25g) | S'mores,14,40.00,560.00,Net 15,S. Lindqvist,New York
High Society Dispensary LLC,OCM-CAURD-24-000171,991632,2026-08-24,Delivered,Dragonfly,Dragonfly | 1g Preroll (50ct) | Blue Nerds,141,3.50,493.50,Net 30,M. Okafor,New York
High Society Dispensary LLC,OCM-CAURD-24-000171,991632,2026-08-24,Delivered,Dragonfly,Dragonfly | 1.25g Infused Preroll | Blackberry Sherbet,60,5.00,300.00,Net 30,A. Torres,New York
High Society Dispensary LLC,OCM-CAURD-24-000171,991632,2026-08-24,Delivered,Dragonfly,Dragonfly | 1.25g Infused Preroll | Melon Gum,149,5.00,745.00,Net 30,S. Lindqvist,New York
High Society Dispensary LLC,OCM-CAURD-24-000171,991632,2026-08-24,Delivered,Dragonfly,Dragonfly | 1g Preroll (50ct) | Tahiti Lime,148,3.50,518.00,Net 15,A. Torres,New York
High Society Dispensary LLC,OCM-CAURD-24-000171,991632,2026-08-24,Delivered,Dragonfly,Dragonfly | 1g Preroll (50ct) | Zlushi,132,3.50,462.00,COD,S. Lindqvist,New York
High Society Dispensary LLC,OCM-CAURD-24-000171,991632,2026-08-24,Delivered,Dragonfly,Dragonfly | 1g All-In-One Vape | Electric Watermelon OG,19,15.00,285.00,Net 15,A. Torres,New York
High Society Dispensary LLC,OCM-CAURD-24-000171,991632,2026-08-24,Delivered,Dragonfly,Dragonfly | 2.5g Preroll Multipack (0.5g) | Pandora's Box,23,12.50,287.50,Net 15,M. Okafor,New York
Toke Lane Buffalo,OCM-RETL-24-000132,991633,2026-07-28,Delivered,Dragonfly,Dragonfly | Flower | 28g | Blue Dream,12,80.00,960.00,Net 15,A. Torres,New York
Toke Lane Buffalo,OCM-RETL-24-000132,991633,2026-07-28,Delivered,Dragonfly,Dragonfly Display Kit - Preroll,1,0.01,0.01,Net 15,M. Okafor,New York
Toke Lane Buffalo,OCM-RETL-24-000132,991633,2026-07-28,Delivered,Dragonfly,Dragonfly | Flower | 3.5g | Trop,19,12.00,228.00,Net 15,A. Torres,New York
Toke Lane Buffalo,OCM-RETL-24-000132,991633,2026-07-28,Delivered,Dragonfly,Dragonfly | 1.25g Infused Preroll | Lychee Dream,52,5.00,260.00,Net 15,J. Brady,New York
Toke Lane Buffalo,OCM-RETL-24-000132,991633,2026-07-28,Delivered,Dragonfly,Dragonfly | 1g Preroll (50ct) | Pandora's Box,52,3.50,182.00,Net 30,S. Lindqvist,New York
Toke Lane Buffalo,OCM-RETL-24-000132,991633,2026-07-28,Delivered,Dragonfly,Dragonfly | 1.25g Infused Preroll | Apple Tart,54,5.00,270.00,Net 30,S. Lindqvist,New York
Toke Lane Buffalo,OCM-RETL-24-000132,991633,2026-07-28,Delivered,Dragonfly,Dragonfly | 1g All-In-One Vape | Banana Bash,30,15.00,450.00,Net 30,M. Okafor,New York
Toke Lane Buffalo,OCM-RETL-24-000132,991633,2026-07-28,Delivered,Dragonfly,Dragonfly | 1g All-In-One Vape | Mystery OG,29,15.00,435.00,Net 15,J. Brady,New York
Toke Lane Buffalo,OCM-RETL-24-000132,991634,2026-09-16,Delivered,Dragonfly,Dragonfly | Flower | 28g | Blue Dream,7,80.00,560.00,Net 30,J. Brady,New York
Toke Lane Buffalo,OCM-RETL-24-000132,991634,2026-09-16,Delivered,Dragonfly,Dragonfly Display Kit - Preroll,1,0.01,0.01,Net 15,S. Lindqvist,New York
Toke Lane Buffalo,OCM-RETL-24-000132,991634,2026-09-16,Delivered,Dragonfly,Dragonfly | Flower | 3.5g | Trop,25,12.00,300.00,Net 15,S. Lindqvist,New York
Toke Lane Buffalo,OCM-RETL-24-000132,991634,2026-09-16,Delivered,Dragonfly,Dragonfly | 1.25g Infused Preroll | Lychee Dream,44,5.00,220.00,COD,M. Okafor,New York
Toke Lane Buffalo,OCM-RETL-24-000132,991634,2026-09-16,Delivered,Dragonfly,Dragonfly | 1g Preroll (50ct) | Pandora's Box,51,3.50,178.50,Net 30,A. Torres,New York
Toke Lane Buffalo,OCM-RETL-24-000132,991634,2026-09-16,Delivered,Dragonfly,Dragonfly | 1.25g Infused Preroll | Apple Tart,38,5.00,190.00,Net 30,J. Brady,New York
Toke Lane Buffalo,OCM-RETL-24-000132,991634,2026-09-16,Delivered,Dragonfly,Dragonfly | 1g All-In-One Vape | Banana Bash,26,15.00,390.00,Net 30,M. Okafor,New York
Toke Lane Buffalo,OCM-RETL-24-000132,991634,2026-09-16,Delivered,Dragonfly,Dragonfly | 1g All-In-One Vape | Mystery OG,21,15.00,315.00,COD,J. Brady,New York
Leafy Peaks,OCM-CAURD-24-000099,991635,2026-06-27,Delivered,Dragonfly,Dragonfly | Infused Multipack 10pk (1.25g) | Strawberry Kiwi,43,40.00,1720.00,Net 15,S. Lindqvist,New York
Leafy Peaks,OCM-CAURD-24-000099,991636,2026-07-07,Delivered,Dragonfly,Dragonfly | 100mg Gummy (25ct) | Grape,142,5.00,710.00,Net 30,A. Torres,New York
Leafy Peaks,OCM-CAURD-24-000099,991636,2026-07-07,Delivered,Dragonfly,Dragonfly | 100mg Gummy (25ct) | Blue Razz,185,5.00,925.00,Net 15,S. Lindqvist,New York
Leafy Peaks,OCM-CAURD-24-000099,991636,2026-07-07,Delivered,Dragonfly,Dragonfly | 100mg Gummy (25ct) | Green Apple,108,5.00,540.00,Net 30,M. Okafor,New York
Leafy Peaks,OCM-CAURD-24-000099,991636,2026-07-07,Delivered,Dragonfly,Dragonfly | 100mg Gummy (25ct) | Pineapple,166,5.00,830.00,Net 15,S. Lindqvist,New York
Leafy Peaks,OCM-CAURD-24-000099,991637,2026-07-16,Delivered,Dragonfly,Dragonfly | 1g All-In-One Vape | Watermelon Skittlez,70,15.00,1050.00,Net 30,A. Torres,New York
Leafy Peaks,OCM-CAURD-24-000099,991637,2026-07-16,Delivered,Dragonfly,Dragonfly | Infused Multipack 10pk (1.25g) | Strawberry Kiwi,25,40.00,1000.00,Net 15,M. Okafor,New York
Leafy Peaks,OCM-CAURD-24-000099,991637,2026-07-16,Delivered,Dragonfly,Dragonfly | 1g Preroll (50ct) | Blue Dream,383,3.50,1340.50,Net 30,S. Lindqvist,New York
Leafy Peaks,OCM-CAURD-24-000099,991637,2026-07-16,Delivered,Dragonfly,Dragonfly | 1g All-In-One Vape | Mystery OG,76,15.00,1140.00,Net 15,M. Okafor,New York
Leafy Peaks,OCM-CAURD-24-000099,991637,2026-07-16,Delivered,Dragonfly,Dragonfly | 1g All-In-One Vape | Blueberry Banana Waffles,79,15.00,1185.00,Net 30,J. Brady,New York
Leafy Peaks,OCM-CAURD-24-000099,991637,2026-07-16,Delivered,Dragonfly,Dragonfly | 2.5g Preroll Multipack (0.5g) | Blue Nerds,40,12.50,500.00,Net 30,S. Lindqvist,New York
Leafy Peaks,OCM-CAURD-24-000099,991637,2026-07-16,Delivered,Dragonfly,Dragonfly | 1g All-In-One Vape | Lychee Dream,32,15.00,480.00,Net 30,S. Lindqvist,New York
Leafy Peaks,OCM-CAURD-24-000099,991637,2026-07-16,Delivered,Dragonfly,Dragonfly | 2.5g Preroll Multipack (0.5g) | Zlushi,61,12.50,762.50,Net 15,M. Okafor,New York
Leafy Peaks,OCM-CAURD-24-000099,991637,2026-07-16,Delivered,Dragonfly,Dragonfly | 1g Preroll (50ct) | Pandora's Box,343,3.50,1200.50,Net 30,S. Lindqvist,New York
Leafy Peaks,OCM-CAURD-24-000099,991637,2026-07-16,Delivered,Dragonfly,Dragonfly | 1g All-In-One Vape | Blue Razz,36,15.00,540.00,Net 30,M. Okafor,New York
Leafy Peaks,OCM-CAURD-24-000099,991637,2026-07-16,Delivered,Dragonfly,Dragonfly | 2.5g Preroll Multipack (0.5g) | Pandora's Box,52,12.50,650.00,Net 30,S. Lindqvist,New York
Leafy Peaks,OCM-CAURD-24-000099,991639,2026-07-31,Delivered,Dragonfly,Dragonfly | Infused Multipack 10pk (1.25g) | Sugar Cookie,24,40.00,960.00,Net 30,M. Okafor,New York
Leafy Peaks,OCM-CAURD-24-000099,991639,2026-07-31,Delivered,Dragonfly,Dragonfly | 1g All-In-One Vape | Blue Razz,39,15.00,585.00,Net 30,A. Torres,New York
Leafy Peaks,OCM-CAURD-24-000099,991639,2026-07-31,Delivered,Dragonfly,Dragonfly | 1.25g Infused Preroll | Melon Gum,288,5.00,1440.00,Net 30,M. Okafor,New York
Leafy Peaks,OCM-CAURD-24-000099,991639,2026-07-31,Delivered,Dragonfly,Dragonfly | 2.5g Preroll Multipack (0.5g) | Sutter,34,12.50,425.00,Net 15,J. Brady,New York
Leafy Peaks,OCM-CAURD-24-000099,991639,2026-07-31,Delivered,Dragonfly,Dragonfly | Infused Multipack 10pk (1.25g) | Blue Razz,40,40.00,1600.00,Net 30,J. Brady,New York
Leafy Peaks,OCM-CAURD-24-000099,991639,2026-07-31,Delivered,Dragonfly,Dragonfly | 100mg Gummy (25ct) | Green Apple,84,5.00,420.00,Net 15,A. Torres,New York
Leafy Peaks,OCM-CAURD-24-000099,991639,2026-07-31,Delivered,Dragonfly,Dragonfly | Infused Multipack 10pk (1.25g) | Blackberry Sherbet,35,40.00,1400.00,Net 15,S. Lindqvist,New York
Leafy Peaks,OCM-CAURD-24-000099,991639,2026-07-31,Delivered,Dragonfly,Dragonfly | 1g All-In-One Vape | Mystery OG,64,15.00,960.00,Net 15,A. Torres,New York
Leafy Peaks,OCM-CAURD-24-000099,991639,2026-07-31,Delivered,Dragonfly,Dragonfly | Infused Multipack 10pk (1.25g) | Strawberry Kiwi,66,40.00,2640.00,Net 30,M. Okafor,New York
Leafy Peaks,OCM-CAURD-24-000099,991639,2026-07-31,Delivered,Dragonfly,Dragonfly | 2.5g Preroll Multipack (0.5g) | Zlushi,42,12.50,525.00,Net 30,S. Lindqvist,New York
Leafy Peaks,OCM-CAURD-24-000099,991639,2026-07-31,Delivered,Dragonfly,Dragonfly | 1g All-In-One Vape | Forbidden Fruit,79,15.00,1185.00,Net 30,S. Lindqvist,New York
Leafy Peaks,OCM-CAURD-24-000099,991639,2026-07-31,Delivered,Dragonfly,Dragonfly | Infused Multipack 10pk (1.25g) | Melon Gum,80,40.00,3200.00,Net 15,A. Torres,New York
Leafy Peaks,OCM-CAURD-24-000099,991640,2026-08-07,Delivered,Dragonfly,Dragonfly | Flower | 28g | Nascar,76,62.50,4750.00,Net 30,M. Okafor,New York
Leafy Peaks,OCM-CAURD-24-000099,991640,2026-08-07,Delivered,Dragonfly,Dragonfly | Flower | 28g | HDG,102,62.50,6375.00,COD,J. Brady,New York
Leafy Peaks,OCM-CAURD-24-000099,991640,2026-08-07,Delivered,Dragonfly,Dragonfly | 14g Preroll Multipack | Melted Strawberries,44,46.00,2024.00,COD,S. Lindqvist,New York
Leafy Peaks,OCM-CAURD-24-000099,991642,2026-08-18,Delivered,Dragonfly,Dragonfly | 1g Preroll (50ct) | Zlushi,673,3.50,2355.50,Net 30,M. Okafor,New York
Leafy Peaks,OCM-CAURD-24-000099,991642,2026-08-18,Delivered,Dragonfly,Dragonfly | 1g Preroll (50ct) | Blue Nerds,854,3.50,2989.00,Net 15,J. Brady,New York
Leafy Peaks,OCM-CAURD-24-000099,991642,2026-08-18,Delivered,Dragonfly,Dragonfly | 1g All-In-One Vape | Strawberry Kiwi,43,15.00,645.00,Net 15,S. Lindqvist,New York
Leafy Peaks,OCM-CAURD-24-000099,991642,2026-08-18,Delivered,Dragonfly,Dragonfly | 2.5g Preroll Multipack (0.5g) | Blue Nerds,120,12.50,1500.00,COD,M. Okafor,New York
Leafy Peaks,OCM-CAURD-24-000099,991642,2026-08-18,Delivered,Dragonfly,Dragonfly | Infused Multipack 10pk (1.25g) | Sugar Cookie,49,40.00,1960.00,Net 30,M. Okafor,New York
Leafy Peaks,OCM-CAURD-24-000099,991642,2026-08-18,Delivered,Dragonfly,Dragonfly | Infused Multipack 10pk (1.25g) | Blue Razz,30,40.00,1200.00,Net 30,S. Lindqvist,New York
Leafy Peaks,OCM-CAURD-24-000099,991642,2026-08-18,Delivered,Dragonfly,Dragonfly Display Kit - Backboard,2,0.01,0.02,Net 30,M. Okafor,New York
Leafy Peaks,OCM-CAURD-24-000099,991642,2026-08-18,Delivered,Dragonfly,Dragonfly | 1g All-In-One Vape | Watermelon Skittlez,42,15.00,630.00,COD,S. Lindqvist,New York
Leafy Peaks,OCM-CAURD-24-000099,991642,2026-08-18,Delivered,Dragonfly,Dragonfly | 1g Preroll (50ct) | Berry White,512,3.50,1792.00,Net 30,M. Okafor,New York
Leafy Peaks,OCM-CAURD-24-000099,991642,2026-08-18,Delivered,Dragonfly,Dragonfly | 1g Preroll (50ct) | Tahiti Lime,1175,3.50,4112.50,COD,S. Lindqvist,New York
Leafy Peaks,OCM-CAURD-24-000099,991642,2026-08-18,Delivered,Dragonfly,Dragonfly | 2.5g Preroll Multipack (0.5g) | Pandora's Box,104,12.50,1300.00,Net 30,J. Brady,New York
Leafy Peaks,OCM-CAURD-24-000099,991642,2026-08-18,Delivered,Dragonfly,Dragonfly | 1g All-In-One Vape | Banana Bash,58,15.00,870.00,Net 30,J. Brady,New York
Leafy Peaks,OCM-CAURD-24-000099,991642,2026-08-18,Delivered,Dragonfly,Dragonfly | 1g All-In-One Vape | Electric Watermelon OG,46,15.00,690.00,Net 15,S. Lindqvist,New York
Leafy Peaks,OCM-CAURD-24-000099,991642,2026-08-18,Delivered,Dragonfly,Dragonfly | Infused Multipack 10pk (1.25g) | S'mores,76,40.00,3040.00,Net 30,S. Lindqvist,New York
Leafy Peaks,OCM-CAURD-24-000099,991642,2026-08-18,Delivered,Dragonfly,Dragonfly | 1g All-In-One Vape | Tahiti Breeze,127,15.00,1905.00,COD,S. Lindqvist,New York
Leafy Peaks,OCM-CAURD-24-000099,991642,2026-08-18,Delivered,Dragonfly,Dragonfly | 1g Preroll (50ct) | Sutter,617,3.50,2159.50,Net 30,J. Brady,New York
Leafy Peaks,OCM-CAURD-24-000099,991642,2026-08-18,Delivered,Dragonfly,Dragonfly | 14g Preroll Multipack | Pandora's Box,131,44.00,5764.00,COD,J. Brady,New York
Leafy Peaks,OCM-CAURD-24-000099,991643,2026-08-23,Delivered,Dragonfly,Dragonfly | 1g Preroll (50ct) | Zlushi,1081,3.50,3783.50,Net 30,J. Brady,New York
Leafy Peaks,OCM-CAURD-24-000099,991643,2026-08-23,Delivered,Dragonfly,Dragonfly | 1g Preroll (50ct) | Blue Nerds,1100,3.50,3850.00,Net 30,M. Okafor,New York
Leafy Peaks,OCM-CAURD-24-000099,991643,2026-08-23,Delivered,Dragonfly,Dragonfly | 1g All-In-One Vape | Strawberry Kiwi,40,15.00,600.00,Net 30,S. Lindqvist,New York
Leafy Peaks,OCM-CAURD-24-000099,991643,2026-08-23,Delivered,Dragonfly,Dragonfly | 2.5g Preroll Multipack (0.5g) | Blue Nerds,83,12.50,1037.50,Net 30,J. Brady,New York
Leafy Peaks,OCM-CAURD-24-000099,991643,2026-08-23,Delivered,Dragonfly,Dragonfly | Infused Multipack 10pk (1.25g) | Sugar Cookie,47,40.00,1880.00,Net 30,M. Okafor,New York
Leafy Peaks,OCM-CAURD-24-000099,991643,2026-08-23,Delivered,Dragonfly,Dragonfly | Infused Multipack 10pk (1.25g) | Blue Razz,32,40.00,1280.00,Net 15,J. Brady,New York
Leafy Peaks,OCM-CAURD-24-000099,991643,2026-08-23,Delivered,Dragonfly,Dragonfly Display Kit - Backboard,2,0.01,0.02,Net 30,M. Okafor,New York
Leafy Peaks,OCM-CAURD-24-000099,991643,2026-08-23,Delivered,Dragonfly,Dragonfly | 1g All-In-One Vape | Watermelon Skittlez,53,15.00,795.00,Net 15,S. Lindqvist,New York
Leafy Peaks,OCM-CAURD-24-000099,991643,2026-08-23,Delivered,Dragonfly,Dragonfly | 1g Preroll (50ct) | Berry White,618,3.50,2163.00,Net 30,M. Okafor,New York
Leafy Peaks,OCM-CAURD-24-000099,991643,2026-08-23,Delivered,Dragonfly,Dragonfly | 1g Preroll (50ct) | Tahiti Lime,1097,3.50,3839.50,Net 15,A. Torres,New York
Leafy Peaks,OCM-CAURD-24-000099,991643,2026-08-23,Delivered,Dragonfly,Dragonfly | 2.5g Preroll Multipack (0.5g) | Pandora's Box,108,12.50,1350.00,Net 15,A. Torres,New York
Leafy Peaks,OCM-CAURD-24-000099,991643,2026-08-23,Delivered,Dragonfly,Dragonfly | 1g All-In-One Vape | Banana Bash,52,15.00,780.00,Net 15,J. Brady,New York
Leafy Peaks,OCM-CAURD-24-000099,991643,2026-08-23,Delivered,Dragonfly,Dragonfly | 1g All-In-One Vape | Electric Watermelon OG,42,15.00,630.00,Net 15,M. Okafor,New York
Leafy Peaks,OCM-CAURD-24-000099,991643,2026-08-23,Delivered,Dragonfly,Dragonfly | Infused Multipack 10pk (1.25g) | S'mores,90,40.00,3600.00,Net 30,J. Brady,New York
Leafy Peaks,OCM-CAURD-24-000099,991643,2026-08-23,Delivered,Dragonfly,Dragonfly | 1g All-In-One Vape | Tahiti Breeze,117,15.00,1755.00,COD,M. Okafor,New York
Leafy Peaks,OCM-CAURD-24-000099,991643,2026-08-23,Delivered,Dragonfly,Dragonfly | 1g Preroll (50ct) | Sutter,780,3.50,2730.00,Net 15,M. Okafor,New York
Leafy Peaks,OCM-CAURD-24-000099,991643,2026-08-23,Delivered,Dragonfly,Dragonfly | 14g Preroll Multipack | Pandora's Box,120,44.00,5280.00,Net 30,S. Lindqvist,New York
Leafy Peaks,OCM-CAURD-24-000099,991644,2026-08-28,Delivered,Dragonfly,Dragonfly | Flower | 28g | Nascar,93,62.50,5812.50,COD,S. Lindqvist,New York
Leafy Peaks,OCM-CAURD-24-000099,991644,2026-08-28,Delivered,Dragonfly,Dragonfly | Flower | 28g | HDG,159,62.50,9937.50,COD,A. Torres,New York
Leafy Peaks,OCM-CAURD-24-000099,991644,2026-08-28,Delivered,Dragonfly,Dragonfly | 14g Preroll Multipack | Melted Strawberries,50,46.00,2300.00,COD,S. Lindqvist,New York
Leafy Peaks,OCM-CAURD-24-000099,991645,2026-09-02,Delivered,Dragonfly,Dragonfly | 1g Preroll (50ct) | Pandora's Box,525,3.50,1837.50,Net 15,J. Brady,New York
Leafy Peaks,OCM-CAURD-24-000099,991645,2026-09-02,Delivered,Dragonfly,Dragonfly | 1g All-In-One Vape | Electric Watermelon OG,151,15.00,2265.00,Net 30,J. Brady,New York
Leafy Peaks,OCM-CAURD-24-000099,991645,2026-09-02,Delivered,Dragonfly,Naka | Flower | 3.5g | Zlushi,94,20.00,1880.00,Net 30,A. Torres,New York
Leafy Peaks,OCM-CAURD-24-000099,991645,2026-09-02,Delivered,Dragonfly,Dragonfly | 2.5g Preroll Multipack (0.5g) | Zlushi,119,12.50,1487.50,Net 30,M. Okafor,New York
Leafy Peaks,OCM-CAURD-24-000099,991645,2026-09-02,Delivered,Dragonfly,Dragonfly | 1g All-In-One Vape | Blueberry Banana Waffles,124,15.00,1860.00,Net 30,M. Okafor,New York
Leafy Peaks,OCM-CAURD-24-000099,991645,2026-09-02,Delivered,Dragonfly,Dragonfly | 2.5g Preroll Multipack (0.5g) | Pandora's Box,47,12.50,587.50,Net 15,A. Torres,New York
Leafy Peaks,OCM-CAURD-24-000099,991645,2026-09-02,Delivered,Dragonfly,Dragonfly | 2.5g Preroll Multipack (0.5g) | Sutter,97,12.50,1212.50,Net 30,A. Torres,New York
Leafy Peaks,OCM-CAURD-24-000099,991645,2026-09-02,Delivered,Dragonfly,Dragonfly | 100mg Gummy (25ct) | Blue Razz,148,5.00,740.00,Net 30,J. Brady,New York
Leafy Peaks,OCM-CAURD-24-000099,991645,2026-09-02,Delivered,Dragonfly,Dragonfly | 1g All-In-One Vape | Mystery OG,74,15.00,1110.00,Net 30,M. Okafor,New York
Leafy Peaks,OCM-CAURD-24-000099,991645,2026-09-02,Delivered,Dragonfly,Dragonfly | 1g Vape Cart (50ct) | Orange Creamsicle,139,12.50,1737.50,Net 30,S. Lindqvist,New York
Leafy Peaks,OCM-CAURD-24-000099,991645,2026-09-02,Delivered,Dragonfly,Dragonfly | 28g Preroll Multipack | Pandora's Box,132,80.00,10560.00,Net 30,S. Lindqvist,New York
Leafy Peaks,OCM-CAURD-24-000099,991645,2026-09-02,Delivered,Dragonfly,Dragonfly | 28g Preroll Multipack | Blue Dream,148,80.00,11840.00,COD,J. Brady,New York
Leafy Peaks,OCM-CAURD-24-000099,991645,2026-09-02,Delivered,Dragonfly,Dragonfly | 1g Preroll (50ct) | Blue Dream,536,3.50,1876.00,Net 30,A. Torres,New York
Leafy Peaks,OCM-CAURD-24-000099,991645,2026-09-02,Delivered,Dragonfly,Dragonfly | 100mg Gummy (25ct) | Pineapple,181,5.00,905.00,Net 15,M. Okafor,New York
Leafy Peaks,OCM-CAURD-24-000099,991645,2026-09-02,Delivered,Dragonfly,Dragonfly | 1g All-In-One Vape | Blue Razz,151,15.00,2265.00,Net 15,S. Lindqvist,New York
Leafy Peaks,OCM-CAURD-24-000099,991645,2026-09-02,Delivered,Dragonfly,Dragonfly | 1g Vape Cart (50ct) | Lemon Drop,116,12.50,1450.00,COD,S. Lindqvist,New York
Leafy Peaks,OCM-CAURD-24-000099,991645,2026-09-02,Delivered,Dragonfly,Dragonfly | 1.25g Infused Preroll | Apple Tart,95,5.00,475.00,COD,A. Torres,New York
Leafy Peaks,OCM-CAURD-24-000099,991646,2026-09-07,Delivered,Dragonfly,Dragonfly | Infused Multipack 10pk (1.25g) | Sugar Cookie,66,40.00,2640.00,Net 30,A. Torres,New York
Leafy Peaks,OCM-CAURD-24-000099,991646,2026-09-07,Delivered,Dragonfly,Dragonfly | 1g All-In-One Vape | Blue Razz,41,15.00,615.00,Net 15,A. Torres,New York
Leafy Peaks,OCM-CAURD-24-000099,991646,2026-09-07,Delivered,Dragonfly,Dragonfly | 1.25g Infused Preroll | Melon Gum,533,5.00,2665.00,Net 15,M. Okafor,New York
Leafy Peaks,OCM-CAURD-24-000099,991646,2026-09-07,Delivered,Dragonfly,Dragonfly | 2.5g Preroll Multipack (0.5g) | Sutter,81,12.50,1012.50,COD,M. Okafor,New York
Leafy Peaks,OCM-CAURD-24-000099,991646,2026-09-07,Delivered,Dragonfly,Dragonfly | Infused Multipack 10pk (1.25g) | Blue Razz,48,40.00,1920.00,Net 30,J. Brady,New York
Leafy Peaks,OCM-CAURD-24-000099,991646,2026-09-07,Delivered,Dragonfly,Dragonfly | 100mg Gummy (25ct) | Green Apple,131,5.00,655.00,Net 30,A. Torres,New York
Leafy Peaks,OCM-CAURD-24-000099,991646,2026-09-07,Delivered,Dragonfly,Dragonfly | Infused Multipack 10pk (1.25g) | Blackberry Sherbet,41,40.00,1640.00,Net 30,J. Brady,New York
Leafy Peaks,OCM-CAURD-24-000099,991646,2026-09-07,Delivered,Dragonfly,Dragonfly | 1g All-In-One Vape | Mystery OG,110,15.00,1650.00,COD,J. Brady,New York
Leafy Peaks,OCM-CAURD-24-000099,991646,2026-09-07,Delivered,Dragonfly,Dragonfly | Infused Multipack 10pk (1.25g) | Strawberry Kiwi,108,40.00,4320.00,Net 15,J. Brady,New York
Leafy Peaks,OCM-CAURD-24-000099,991646,2026-09-07,Delivered,Dragonfly,Dragonfly | 2.5g Preroll Multipack (0.5g) | Zlushi,78,12.50,975.00,Net 15,S. Lindqvist,New York
Leafy Peaks,OCM-CAURD-24-000099,991646,2026-09-07,Delivered,Dragonfly,Dragonfly | 1g All-In-One Vape | Forbidden Fruit,163,15.00,2445.00,Net 30,A. Torres,New York
Leafy Peaks,OCM-CAURD-24-000099,991646,2026-09-07,Delivered,Dragonfly,Dragonfly | Infused Multipack 10pk (1.25g) | Melon Gum,123,40.00,4920.00,Net 15,A. Torres,New York
Leafy Peaks,OCM-CAURD-24-000099,991647,2026-09-12,Delivered,Dragonfly,Dragonfly | 1g Preroll (50ct) | Blue Dream,470,3.50,1645.00,Net 30,S. Lindqvist,New York
Leafy Peaks,OCM-CAURD-24-000099,991647,2026-09-12,Delivered,Dragonfly,Dragonfly | 1g All-In-One Vape | Banana Bash,73,15.00,1095.00,Net 30,S. Lindqvist,New York
Leafy Peaks,OCM-CAURD-24-000099,991647,2026-09-12,Delivered,Dragonfly,Dragonfly | Infused Multipack 10pk (1.25g) | Blue Razz,55,40.00,2200.00,Net 30,J. Brady,New York
Leafy Peaks,OCM-CAURD-24-000099,991647,2026-09-12,Delivered,Dragonfly,Dragonfly | Infused Multipack 10pk (1.25g) | Blackberry Sherbet,57,40.00,2280.00,Net 15,A. Torres,New York
Leafy Peaks,OCM-CAURD-24-000099,991647,2026-09-12,Delivered,Dragonfly,Dragonfly | 100mg Gummy (25ct) | Blue Razz,153,5.00,765.00,Net 15,J. Brady,New York
Leafy Peaks,OCM-CAURD-24-000099,991647,2026-09-12,Delivered,Dragonfly,Dragonfly | 1g Preroll (50ct) | Pandora's Box,659,3.50,2306.50,Net 15,M. Okafor,New York
Leafy Peaks,OCM-CAURD-24-000099,991647,2026-09-12,Delivered,Dragonfly,Dragonfly | 100mg Gummy (25ct) | Green Apple,239,5.00,1195.00,Net 30,A. Torres,New York
Leafy Peaks,OCM-CAURD-24-000099,991647,2026-09-12,Delivered,Dragonfly,Dragonfly | 1g All-In-One Vape | Lychee Dream,53,15.00,795.00,Net 15,M. Okafor,New York
Leafy Peaks,OCM-CAURD-24-000099,991647,2026-09-12,Delivered,Dragonfly,Dragonfly | Infused Multipack 10pk (1.25g) | Melon Gum,43,40.00,1720.00,Net 15,J. Brady,New York
Leafy Peaks,OCM-CAURD-24-000099,991647,2026-09-12,Delivered,Dragonfly,Dragonfly | 100mg Gummy (25ct) | Grape,157,5.00,785.00,Net 15,J. Brady,New York
Leafy Peaks,OCM-CAURD-24-000099,991647,2026-09-12,Delivered,Dragonfly,Dragonfly | 2.5g Preroll Multipack (0.5g) | Pandora's Box,51,12.50,637.50,COD,S. Lindqvist,New York
Leafy Peaks,OCM-CAURD-24-000099,991647,2026-09-12,Delivered,Dragonfly,Dragonfly | Infused Multipack 10pk (1.25g) | S'mores,48,40.00,1920.00,Net 30,J. Brady,New York
Leafy Peaks,OCM-CAURD-24-000099,991647,2026-09-12,Delivered,Dragonfly,Dragonfly | 100mg Gummy (25ct) | Pineapple,181,5.00,905.00,Net 30,J. Brady,New York
Leafy Peaks,OCM-CAURD-24-000099,991647,2026-09-12,Delivered,Dragonfly,Dragonfly | Infused Multipack 10pk (1.25g) | Sugar Cookie,42,40.00,1680.00,COD,M. Okafor,New York
Leafy Peaks,OCM-CAURD-24-000099,991648,2026-09-17,Delivered,Dragonfly,Dragonfly | Infused Multipack 10pk (1.25g) | Strawberry Kiwi,98,40.00,3920.00,COD,S. Lindqvist,New York
Mills Cannabis,OCM-RETL-24-000110,991650,2026-09-09,Delivered,Dragonfly,Dragonfly | 100mg Gummy (25ct) | Pineapple,23,5.00,115.00,Net 30,J. Brady,New York
Mills Cannabis,OCM-RETL-24-000110,991650,2026-09-09,Delivered,Dragonfly,Dragonfly | 1g Preroll (50ct) | Blue Z,112,3.50,392.00,Net 30,M. Okafor,New York
Mills Cannabis,OCM-RETL-24-000110,991650,2026-09-09,Delivered,Dragonfly,Dragonfly | 100mg Gummy Clusters (25ct) | Strawberry,21,6.00,126.00,COD,J. Brady,New York
Mills Cannabis,OCM-RETL-24-000110,991650,2026-09-09,Delivered,Dragonfly,Dragonfly | 100mg Gummy (25ct) | Green Apple,23,5.00,115.00,Net 30,J. Brady,New York
Mills Cannabis,OCM-RETL-24-000110,991650,2026-09-09,Delivered,Dragonfly,Dragonfly | 100mg Gummy Clusters (25ct) | Green Apple,19,6.00,114.00,Net 30,S. Lindqvist,New York
Mills Cannabis,OCM-RETL-24-000110,991650,2026-09-09,Delivered,Dragonfly,Dragonfly | 100mg Gummy Clusters (25ct) | Blue Razz,26,6.00,156.00,Net 30,A. Torres,New York
Mills Cannabis,OCM-RETL-24-000110,991650,2026-09-09,Delivered,Dragonfly,Dragonfly | 100mg Gummy (25ct) | Blue Razz,26,5.00,130.00,Net 30,J. Brady,New York
Mills Cannabis,OCM-RETL-24-000110,991650,2026-09-09,Delivered,Dragonfly,Dragonfly | 1g All-In-One Vape | Electric Watermelon OG,27,15.00,405.00,Net 15,M. Okafor,New York
Mills Cannabis,OCM-RETL-24-000110,991650,2026-09-09,Delivered,Dragonfly,Dragonfly | 100mg Gummy (25ct) | Strawberry,21,5.00,105.00,Net 30,S. Lindqvist,New York
Mills Cannabis,OCM-RETL-24-000110,991650,2026-09-09,Delivered,Dragonfly,Dragonfly | 1g All-In-One Vape | Blue Razz,25,15.00,375.00,Net 15,J. Brady,New York
Mills Cannabis,OCM-RETL-24-000110,991650,2026-09-09,Delivered,Dragonfly,Dragonfly | 1g Preroll (50ct) | Cherry Burger,97,3.50,339.50,Net 30,S. Lindqvist,New York
Mills Cannabis,OCM-RETL-24-000110,991650,2026-09-09,Delivered,Dragonfly,Dragonfly | 1g All-In-One Vape | Mystery OG,21,15.00,315.00,Net 30,M. Okafor,New York
Mills Cannabis,OCM-RETL-24-000110,991650,2026-09-09,Delivered,Dragonfly,Dragonfly | 1g All-In-One Vape | Blueberry Banana Waffles,32,15.00,480.00,Net 30,M. Okafor,New York
Mills Cannabis,OCM-RETL-24-000110,991650,2026-09-09,Delivered,Dragonfly,Dragonfly | 100mg Gummy Clusters (25ct) | Pineapple,29,6.00,174.00,Net 30,J. Brady,New York
Mills Cannabis,OCM-RETL-24-000110,991650,2026-09-09,Delivered,Dragonfly,Dragonfly | 100mg Gummy (25ct) | Grape,23,5.00,115.00,Net 30,A. Torres,New York
The Herb Cave,OCM-RETL-24-000208,991651,2026-06-28,Delivered,Dragonfly,Dragonfly | 100mg Gummy (25ct) | Pineapple,59,5.00,295.00,COD,A. Torres,New York
The Herb Cave,OCM-RETL-24-000208,991651,2026-06-28,Delivered,Dragonfly,Dragonfly | 1g All-In-One Vape | Electric Watermelon OG,63,15.00,945.00,Net 30,J. Brady,New York
The Herb Cave,OCM-RETL-24-000208,991651,2026-06-28,Delivered,Dragonfly,Dragonfly | 1g All-In-One Vape | Blueberry Banana Waffles,60,15.00,900.00,Net 30,M. Okafor,New York
The Herb Cave,OCM-RETL-24-000208,991651,2026-06-28,Delivered,Dragonfly,Dragonfly | 100mg Gummy (25ct) | Blue Razz,56,5.00,280.00,COD,A. Torres,New York
The Herb Cave,OCM-RETL-24-000208,991651,2026-06-28,Delivered,Dragonfly,Dragonfly | 100mg Gummy (25ct) | Grape,50,5.00,250.00,Net 15,S. Lindqvist,New York
The Herb Cave,OCM-RETL-24-000208,991651,2026-06-28,Delivered,Dragonfly,Dragonfly | 1g All-In-One Vape | Blue Razz,52,15.00,780.00,Net 30,A. Torres,New York
The Herb Cave,OCM-RETL-24-000208,991651,2026-06-28,Delivered,Dragonfly,Dragonfly | 1g All-In-One Vape | Banana Bash,46,15.00,690.00,Net 30,M. Okafor,New York
The Herb Cave,OCM-RETL-24-000208,991652,2026-07-12,Delivered,Dragonfly,Dragonfly | 100mg Gummy (25ct) | Blue Razz,42,5.00,210.00,Net 30,A. Torres,New York
The Herb Cave,OCM-RETL-24-000208,991652,2026-07-12,Delivered,Dragonfly,Dragonfly | 1g Vape Cart (50ct) | Blue Razz,69,7.50,517.50,Net 15,J. Brady,New York
The Herb Cave,OCM-RETL-24-000208,991652,2026-07-12,Delivered,Dragonfly,Dragonfly | 100mg Gummy Clusters (25ct) | Blue Razz,53,6.00,318.00,COD,M. Okafor,New York
The Herb Cave,OCM-RETL-24-000208,991652,2026-07-12,Delivered,Dragonfly,Dragonfly | 1g Preroll (50ct) | Cookie Crush,43,3.50,150.50,COD,M. Okafor,New York
The Herb Cave,OCM-RETL-24-000208,991652,2026-07-12,Delivered,Dragonfly,Dragonfly | 1g All-In-One Vape | Blueberry Banana Waffles,63,15.00,945.00,COD,A. Torres,New York
The Herb Cave,OCM-RETL-24-000208,991652,2026-07-12,Delivered,Dragonfly,Dragonfly | 1g Preroll (50ct) | GMO,49,3.50,171.50,COD,J. Brady,New York
The Herb Cave,OCM-RETL-24-000208,991652,2026-07-12,Delivered,Dragonfly,Dragonfly | 1g All-In-One Vape | Banana Bash,67,15.00,1005.00,Net 30,M. Okafor,New York
The Herb Cave,OCM-RETL-24-000208,991652,2026-07-12,Delivered,Dragonfly,Dragonfly | Flower | 28g | HDG,12,62.50,750.00,Net 30,J. Brady,New York
The Herb Cave,OCM-RETL-24-000208,991652,2026-07-12,Delivered,Dragonfly,Dragonfly | 1g Preroll (50ct) | Cherry Burger,44,3.50,154.00,Net 30,A. Torres,New York
The Herb Cave,OCM-RETL-24-000208,991652,2026-07-12,Delivered,Dragonfly,Dragonfly | Flower | 3.5g | Blue Dream,49,12.00,588.00,Net 30,J. Brady,New York
The Herb Cave,OCM-RETL-24-000208,991652,2026-07-12,Delivered,Dragonfly,Dragonfly | 1g All-In-One Vape | Forbidden Fruit,59,15.00,885.00,COD,A. Torres,New York
The Herb Cave,OCM-RETL-24-000208,991652,2026-07-12,Delivered,Dragonfly,Dragonfly | 1g Preroll (50ct) | Pineapple Thai,40,3.50,140.00,Net 30,S. Lindqvist,New York
The Herb Cave,OCM-RETL-24-000208,991652,2026-07-12,Delivered,Dragonfly,Dragonfly | 1g Preroll (50ct) | NYC Kush,48,3.50,168.00,COD,M. Okafor,New York
The Herb Cave,OCM-RETL-24-000208,991652,2026-07-12,Delivered,Dragonfly,Dragonfly | 100mg Gummy Clusters (25ct) | Green Apple,49,6.00,294.00,Net 30,J. Brady,New York
The Herb Cave,OCM-RETL-24-000208,991652,2026-07-12,Delivered,Dragonfly,Dragonfly | 1g All-In-One Vape | Strawberry Cough,31,15.00,465.00,COD,M. Okafor,New York
The Herb Cave,OCM-RETL-24-000208,991652,2026-07-12,Delivered,Dragonfly,Dragonfly | 1g Vape Cart (50ct) | Electric Watermelon OG,68,7.50,510.00,COD,A. Torres,New York
The Herb Cave,OCM-RETL-24-000208,991653,2026-07-24,Delivered,Dragonfly,Dragonfly | 1g Preroll (50ct) | Secret Weapon,67,3.50,234.50,Net 30,A. Torres,New York
The Herb Cave,OCM-RETL-24-000208,991653,2026-07-24,Delivered,Dragonfly,Dragonfly | 1g Vape Cart (50ct) | Orange Creamsicle,58,9.99,579.42,Net 30,M. Okafor,New York
The Herb Cave,OCM-RETL-24-000208,991653,2026-07-24,Delivered,Dragonfly,Dragonfly | 1g Preroll (50ct) | Green Caffeine,203,3.50,710.50,Net 30,S. Lindqvist,New York
The Herb Cave,OCM-RETL-24-000208,991653,2026-07-24,Delivered,Dragonfly,Dragonfly | 1g Vape Cart (50ct) | Banana Bash,68,9.99,679.32,Net 30,M. Okafor,New York
The Herb Cave,OCM-RETL-24-000208,991653,2026-07-24,Delivered,Dragonfly,Dragonfly | 100mg Gummy (25ct) | Grape,97,5.00,485.00,COD,S. Lindqvist,New York
The Herb Cave,OCM-RETL-24-000208,991653,2026-07-24,Delivered,Dragonfly,Dragonfly | 1g Preroll (50ct) | Gelato,213,3.50,745.50,Net 30,S. Lindqvist,New York
The Herb Cave,OCM-RETL-24-000208,991653,2026-07-24,Delivered,Dragonfly,Dragonfly | 1g Preroll (50ct) | GMO,64,3.50,224.00,Net 30,J. Brady,New York
The Herb Cave,OCM-RETL-24-000208,991653,2026-07-24,Delivered,Dragonfly,Dragonfly | 1g Vape Cart (50ct) | Blue Razz,410,9.99,4095.90,COD,J. Brady,New York
The Herb Cave,OCM-RETL-24-000208,991653,2026-07-24,Delivered,Dragonfly,Dragonfly | 1g Preroll (50ct) | Cherry Burger,71,3.50,248.50,Net 15,A. Torres,New York
The Herb Cave,OCM-RETL-24-000208,991653,2026-07-24,Delivered,Dragonfly,Dragonfly Display Kit - Preroll,1,0.01,0.01,Net 15,S. Lindqvist,New York
The Herb Cave,OCM-RETL-24-000208,991653,2026-07-24,Delivered,Dragonfly,Dragonfly | 1g Vape Cart (50ct) | Just Peachy,109,9.99,1088.91,Net 15,S. Lindqvist,New York
The Herb Cave,OCM-RETL-24-000208,991653,2026-07-24,Delivered,Dragonfly,Dragonfly | 100mg Gummy (25ct) | Green Apple,141,5.00,705.00,Net 30,A. Torres,New York
The Herb Cave,OCM-RETL-24-000208,991653,2026-07-24,Delivered,Dragonfly,Dragonfly | 100mg Gummy (25ct) | Pineapple,125,5.00,625.00,COD,J. Brady,New York
The Herb Cave,OCM-RETL-24-000208,991653,2026-07-24,Delivered,Dragonfly,Dragonfly | 1g Vape Cart (50ct) | Electric Watermelon OG,122,9.99,1218.78,COD,A. Torres,New York
The Herb Cave,OCM-RETL-24-000208,991653,2026-07-24,Delivered,Dragonfly,Dragonfly | 1g Vape Cart (50ct) | Papaya Punch,86,9.99,859.14,Net 15,M. Okafor,New York
The Herb Cave,OCM-RETL-24-000208,991653,2026-07-24,Delivered,Dragonfly,Dragonfly | 1g Vape Cart (50ct) | Lychee Dream,296,9.99,2957.04,Net 15,S. Lindqvist,New York
The Herb Cave,OCM-RETL-24-000208,991653,2026-07-24,Delivered,Dragonfly,Dragonfly | Flower | 3.5g | Sour Diesel,59,12.00,708.00,Net 30,M. Okafor,New York
The Herb Cave,OCM-RETL-24-000208,991653,2026-07-24,Delivered,Dragonfly,Dragonfly | 1g Vape Cart (50ct) | Green Apple,44,9.99,439.56,COD,A. Torres,New York
The Herb Cave,OCM-RETL-24-000208,991653,2026-07-24,Delivered,Dragonfly,Dragonfly | 1g Preroll (50ct) | Kush Mintz,69,3.50,241.50,Net 15,J. Brady,New York
The Herb Cave,OCM-RETL-24-000208,991654,2026-08-04,Delivered,Dragonfly,Dragonfly | 2.5g Preroll Multipack (0.5g) | Tahiti Lime,27,12.50,337.50,Net 30,A. Torres,New York
The Herb Cave,OCM-RETL-24-000208,991654,2026-08-04,Delivered,Dragonfly,Dragonfly | 1g Preroll (50ct) | Berry White,62,3.50,217.00,COD,A. Torres,New York
The Herb Cave,OCM-RETL-24-000208,991654,2026-08-04,Delivered,Dragonfly,Dragonfly | 1.25g Infused Preroll | Melon Gum,131,5.00,655.00,Net 30,S. Lindqvist,New York
The Herb Cave,OCM-RETL-24-000208,991654,2026-08-04,Delivered,Dragonfly,Dragonfly | 1.25g Infused Preroll | Sugar Cookie,60,5.00,300.00,Net 15,J. Brady,New York
The Herb Cave,OCM-RETL-24-000208,991654,2026-08-04,Delivered,Dragonfly,Dragonfly | 1g Vape Cart (50ct) | Blackberry Kush,157,12.50,1962.50,Net 30,J. Brady,New York
The Herb Cave,OCM-RETL-24-000208,991654,2026-08-04,Delivered,Dragonfly,Dragonfly | 1g Preroll (50ct) | Blue Nerds,49,3.50,171.50,Net 30,J. Brady,New York
The Herb Cave,OCM-RETL-24-000208,991654,2026-08-04,Delivered,Dragonfly,Dragonfly | Flower | 3.5g | Trop,65,12.00,780.00,Net 30,A. Torres,New York
The Herb Cave,OCM-RETL-24-000208,991654,2026-08-04,Delivered,Dragonfly,Dragonfly | 1.25g Infused Preroll | Lychee Dream,115,5.00,575.00,COD,A. Torres,New York
The Herb Cave,OCM-RETL-24-000208,991654,2026-08-04,Delivered,Dragonfly,Dragonfly | 1g Vape Cart (50ct) | Forbidden Fruit,92,12.50,1150.00,Net 15,J. Brady,New York
The Herb Cave,OCM-RETL-24-000208,991654,2026-08-04,Delivered,Dragonfly,Dragonfly | 1g All-In-One Vape | Tahiti Breeze,51,15.00,765.00,Net 15,A. Torres,New York
The Herb Cave,OCM-RETL-24-000208,991654,2026-08-04,Delivered,Dragonfly,Dragonfly | 1g All-In-One Vape | Banana Bash,66,15.00,990.00,COD,S. Lindqvist,New York
The Herb Cave,OCM-RETL-24-000208,991654,2026-08-04,Delivered,Dragonfly,Dragonfly | 1g Preroll (50ct) | Tahiti Lime,117,3.50,409.50,Net 30,S. Lindqvist,New York
The Herb Cave,OCM-RETL-24-000208,991654,2026-08-04,Delivered,Dragonfly,Dragonfly | Flower | 28g | Nappa,11,80.00,880.00,Net 30,J. Brady,New York
The Herb Cave,OCM-RETL-24-000208,991654,2026-08-04,Delivered,Dragonfly,Dragonfly | 2.5g Preroll Multipack (0.5g) | Sutter,38,12.50,475.00,COD,M. Okafor,New York
The Herb Cave,OCM-RETL-24-000208,991654,2026-08-04,Delivered,Dragonfly,Dragonfly | Flower | 28g | Blue Dream,14,80.00,1120.00,Net 30,J. Brady,New York
The Herb Cave,OCM-RETL-24-000208,991654,2026-08-04,Delivered,Dragonfly,Dragonfly | 1g Vape Cart (50ct) | Unicorn Piss,170,12.50,2125.00,Net 30,M. Okafor,New York
The Herb Cave,OCM-RETL-24-000208,991654,2026-08-04,Delivered,Dragonfly,Dragonfly | 2.5g Preroll Multipack (0.5g) | Pandora's Box,31,12.50,387.50,Net 30,M. Okafor,New York
The Herb Cave,OCM-RETL-24-000208,991655,2026-08-14,Delivered,Dragonfly,Dragonfly | 1g All-In-One Vape | Blueberry Banana Waffles,148,15.00,2220.00,Net 30,J. Brady,New York
The Herb Cave,OCM-RETL-24-000208,991655,2026-08-14,Delivered,Dragonfly,Dragonfly | 100mg Gummy (25ct) | Grape,109,5.00,545.00,Net 30,S. Lindqvist,New York
The Herb Cave,OCM-RETL-24-000208,991655,2026-08-14,Delivered,Dragonfly,Dragonfly | 1g Preroll (50ct) | Blue Dream,117,3.50,409.50,Net 15,M. Okafor,New York
The Herb Cave,OCM-RETL-24-000208,991655,2026-08-14,Delivered,Dragonfly,Dragonfly | 1.25g Infused Preroll | Strawberry Cough,131,5.00,655.00,COD,M. Okafor,New York
The Herb Cave,OCM-RETL-24-000208,991655,2026-08-14,Delivered,Dragonfly,Dragonfly | 1g All-In-One Vape | Mystery OG,110,15.00,1650.00,COD,M. Okafor,New York
The Herb Cave,OCM-RETL-24-000208,991655,2026-08-14,Delivered,Dragonfly,Dragonfly | 1g Vape Cart (50ct) | Double Bubble OG,151,12.50,1887.50,Net 30,S. Lindqvist,New York
